dataset,split,file,expected_shape,reference_shape,candidate_shape,reference_dtype,candidate_dtype,reference_sha256,candidate_sha256,shape_match,dtype_match,sha256_match
TaxiBJ_P1,train,X.npy,"(3519, 2, 8, 8)","(3519, 2, 8, 8)","(3519, 2, 8, 8)",float32,float32,8754962f18014a1423f475e8db27144128b4e29250778de92c08e99f6e9e764f,8754962f18014a1423f475e8db27144128b4e29250778de92c08e99f6e9e764f,true,true,true
TaxiBJ_P1,train,Y.npy,"(3519, 2, 32, 32)","(3519, 2, 32, 32)","(3519, 2, 32, 32)",float32,float32,b689d2c0c7f3a3a428caf3678500fe9cc7d417089855a9eee2ea6dc3c41f4e21,b689d2c0c7f3a3a428caf3678500fe9cc7d417089855a9eee2ea6dc3c41f4e21,true,true,true
TaxiBJ_P1,train,ext.npy,"(3519, 7)","(3519, 7)","(3519, 7)",float32,float32,2439c861661a6c188012839da689ecf76299b10afcddc8458f78b8807e5ee57d,2439c861661a6c188012839da689ecf76299b10afcddc8458f78b8807e5ee57d,true,true,true
TaxiBJ_P1,valid,X.npy,"(391, 2, 8, 8)","(391, 2, 8, 8)","(391, 2, 8, 8)",float32,float32,8595e3b68598c4a815fcde4104a6b72dd6d82f1d110b052a4e0f5982adae8ed2,8595e3b68598c4a815fcde4104a6b72dd6d82f1d110b052a4e0f5982adae8ed2,true,true,true
TaxiBJ_P1,valid,Y.npy,"(391, 2, 32, 32)","(391, 2, 32, 32)","(391, 2, 32, 32)",float32,float32,2ca43f0361cb020b161937a31c68c046628756bf181ea22d0b381de637cca6a3,2ca43f0361cb020b161937a31c68c046628756bf181ea22d0b381de637cca6a3,true,true,true
TaxiBJ_P1,valid,ext.npy,"(391, 7)","(391, 7)","(391, 7)",float32,float32,0c34ffcc0e41f53050125878ee7410d7c5d81e75675860be2bd07bc0aca4f662,0c34ffcc0e41f53050125878ee7410d7c5d81e75675860be2bd07bc0aca4f662,true,true,true
TaxiBJ_P1,test,X.npy,"(978, 2, 8, 8)","(978, 2, 8, 8)","(978, 2, 8, 8)",float32,float32,a70008183d5381148e21fb11325bee085fb8eababc950dc4dc6795ebbb745aca,a70008183d5381148e21fb11325bee085fb8eababc950dc4dc6795ebbb745aca,true,true,true
TaxiBJ_P1,test,Y.npy,"(978, 2, 32, 32)","(978, 2, 32, 32)","(978, 2, 32, 32)",float32,float32,8d8fafdd2569ab90ac28518db143183fa1904c4c47d42206240aeb6242950c94,8d8fafdd2569ab90ac28518db143183fa1904c4c47d42206240aeb6242950c94,true,true,true
TaxiBJ_P1,test,ext.npy,"(978, 7)","(978, 7)","(978, 7)",float32,float32,77cfdfbeffeeda069971a661a325668e281bb4cf074627ec823f3eb43a43603f,77cfdfbeffeeda069971a661a325668e281bb4cf074627ec823f3eb43a43603f,true,true,true
TaxiBJ_P2,train,X.npy,"(3442, 2, 8, 8)","(3442, 2, 8, 8)","(3442, 2, 8, 8)",float32,float32,7033296e09076ebfe7ce48417092bd4eb72ec2a45d219d2c49e3f7c898337f71,7033296e09076ebfe7ce48417092bd4eb72ec2a45d219d2c49e3f7c898337f71,true,true,true
TaxiBJ_P2,train,Y.npy,"(3442, 2, 32, 32)","(3442, 2, 32, 32)","(3442, 2, 32, 32)",float32,float32,7cc826281d11c3d6ee31073bad673a584ac24a0491645362ec5e724b6cad81f4,7cc826281d11c3d6ee31073bad673a584ac24a0491645362ec5e724b6cad81f4,true,true,true
TaxiBJ_P2,train,ext.npy,"(3442, 7)","(3442, 7)","(3442, 7)",float32,float32,4edab23e2594f14e72ba33e7eff6221f7fa7a9bb3c9c7dfb0f2db14a249f418a,4edab23e2594f14e72ba33e7eff6221f7fa7a9bb3c9c7dfb0f2db14a249f418a,true,true,true
TaxiBJ_P2,valid,X.npy,"(382, 2, 8, 8)","(382, 2, 8, 8)","(382, 2, 8, 8)",float32,float32,f487971acbefd6717ea831e93ee4321285ca3e5d97a165e06082295a647ecce5,f487971acbefd6717ea831e93ee4321285ca3e5d97a165e06082295a647ecce5,true,true,true
TaxiBJ_P2,valid,Y.npy,"(382, 2, 32, 32)","(382, 2, 32, 32)","(382, 2, 32, 32)",float32,float32,95f2d5841a3cc96db7668bb9c0b6186c8ccf6513cffb90f4befc730df4996ab5,95f2d5841a3cc96db7668bb9c0b6186c8ccf6513cffb90f4befc730df4996ab5,true,true,true
TaxiBJ_P2,valid,ext.npy,"(382, 7)","(382, 7)","(382, 7)",float32,float32,d5d206e04dd68f2e0b97666a26dc55797db11b2de763f8c7f55f9182ea41430a,d5d206e04dd68f2e0b97666a26dc55797db11b2de763f8c7f55f9182ea41430a,true,true,true
TaxiBJ_P2,test,X.npy,"(956, 2, 8, 8)","(956, 2, 8, 8)","(956, 2, 8, 8)",float32,float32,a699c3812e671b9f513db4f2e93f509a39d6573dde81d81d1148f96fe79e2c81,a699c3812e671b9f513db4f2e93f509a39d6573dde81d81d1148f96fe79e2c81,true,true,true
TaxiBJ_P2,test,Y.npy,"(956, 2, 32, 32)","(956, 2, 32, 32)","(956, 2, 32, 32)",float32,float32,a4ee8e0c5813eac996e3501a049083dd40fbe7f7da21efa605d855b0d50ecb76,a4ee8e0c5813eac996e3501a049083dd40fbe7f7da21efa605d855b0d50ecb76,true,true,true
TaxiBJ_P2,test,ext.npy,"(956, 7)","(956, 7)","(956, 7)",float32,float32,a5b297e866190e4076ac9f8228e533421cc97d885691ff86743091b1cd02a12e,a5b297e866190e4076ac9f8228e533421cc97d885691ff86743091b1cd02a12e,true,true,true
TaxiBJ_P3,train,X.npy,"(4029, 2, 8, 8)","(4029, 2, 8, 8)","(4029, 2, 8, 8)",float32,float32,34d684e759eb28877f524869db80a2493433caea4c6ba0edf3c887c33958f979,34d684e759eb28877f524869db80a2493433caea4c6ba0edf3c887c33958f979,true,true,true
TaxiBJ_P3,train,Y.npy,"(4029, 2, 32, 32)","(4029, 2, 32, 32)","(4029, 2, 32, 32)",float32,float32,a79347de571e6ad0f44ce78cde55a6e8e2232cc1340a5d504487bd1cebdec181,a79347de571e6ad0f44ce78cde55a6e8e2232cc1340a5d504487bd1cebdec181,true,true,true
TaxiBJ_P3,train,ext.npy,"(4029, 7)","(4029, 7)","(4029, 7)",float32,float32,42d1bcd68de00bb8bf7cd74820c875c5f54f49b6044f9bdd95a74b803236bed6,42d1bcd68de00bb8bf7cd74820c875c5f54f49b6044f9bdd95a74b803236bed6,true,true,true
TaxiBJ_P3,valid,X.npy,"(447, 2, 8, 8)","(447, 2, 8, 8)","(447, 2, 8, 8)",float32,float32,f966e7d7704812fe94f86e4971b376ffd439a5454d8f09aa59b1c4981642e466,f966e7d7704812fe94f86e4971b376ffd439a5454d8f09aa59b1c4981642e466,true,true,true
TaxiBJ_P3,valid,Y.npy,"(447, 2, 32, 32)","(447, 2, 32, 32)","(447, 2, 32, 32)",float32,float32,0bccb23dbbb9d132e038ea502609b50b633f8a3e62c61d4326c95d4f7032b37d,0bccb23dbbb9d132e038ea502609b50b633f8a3e62c61d4326c95d4f7032b37d,true,true,true
TaxiBJ_P3,valid,ext.npy,"(447, 7)","(447, 7)","(447, 7)",float32,float32,c45fd714c1fba73c0afb9679704f475b24995b514cc5c7825edfcedb2f35c375,c45fd714c1fba73c0afb9679704f475b24995b514cc5c7825edfcedb2f35c375,true,true,true
TaxiBJ_P3,test,X.npy,"(1120, 2, 8, 8)","(1120, 2, 8, 8)","(1120, 2, 8, 8)",float32,float32,df5d90b999bf27abf04bbc6c6372c42ba5d7b1cdc7c1045e7bc812f1e1ad6bc7,df5d90b999bf27abf04bbc6c6372c42ba5d7b1cdc7c1045e7bc812f1e1ad6bc7,true,true,true
TaxiBJ_P3,test,Y.npy,"(1120, 2, 32, 32)","(1120, 2, 32, 32)","(1120, 2, 32, 32)",float32,float32,c38296101a9bee78c336fb697952ea0eebd712e086846b4890febf809a56c1ed,c38296101a9bee78c336fb697952ea0eebd712e086846b4890febf809a56c1ed,true,true,true
TaxiBJ_P3,test,ext.npy,"(1120, 7)","(1120, 7)","(1120, 7)",float32,float32,9f573cbf58941d0f533c2bfc1635f00814cf7d5cbc55ce89599eafb9ff897425,9f573cbf58941d0f533c2bfc1635f00814cf7d5cbc55ce89599eafb9ff897425,true,true,true
TaxiBJ_P4,train,X.npy,"(5199, 2, 8, 8)","(5199, 2, 8, 8)","(5199, 2, 8, 8)",float32,float32,fe5869c58f83745e30aba891b772cef410cb7616e5808c9b973052bcbc7a5e6a,fe5869c58f83745e30aba891b772cef410cb7616e5808c9b973052bcbc7a5e6a,true,true,true
TaxiBJ_P4,train,Y.npy,"(5199, 2, 32, 32)","(5199, 2, 32, 32)","(5199, 2, 32, 32)",float32,float32,cd8cc2dc4fbb26864529a64c4556c177ff4e0b90ec9623074e1d14fbac1b5c7f,cd8cc2dc4fbb26864529a64c4556c177ff4e0b90ec9623074e1d14fbac1b5c7f,true,true,true
TaxiBJ_P4,train,ext.npy,"(5199, 7)","(5199, 7)","(5199, 7)",float32,float32,ce07ba32814f627ff24847592f4ffcc1f9ca9e44d8863e80d6dd5745a238b0b3,ce07ba32814f627ff24847592f4ffcc1f9ca9e44d8863e80d6dd5745a238b0b3,true,true,true
TaxiBJ_P4,valid,X.npy,"(577, 2, 8, 8)","(577, 2, 8, 8)","(577, 2, 8, 8)",float32,float32,f41b2b569aad2d5d2535542b11cc1718067cc2931f4809ba128e29f04250b3e0,f41b2b569aad2d5d2535542b11cc1718067cc2931f4809ba128e29f04250b3e0,true,true,true
TaxiBJ_P4,valid,Y.npy,"(577, 2, 32, 32)","(577, 2, 32, 32)","(577, 2, 32, 32)",float32,float32,9861510ffe3ed4c22c1afd984aef0c0498fd352f110ed32e0683e8e780ade0b8,9861510ffe3ed4c22c1afd984aef0c0498fd352f110ed32e0683e8e780ade0b8,true,true,true
TaxiBJ_P4,valid,ext.npy,"(577, 7)","(577, 7)","(577, 7)",float32,float32,7c68e55622997b629a3987dfdad59e4a0954245d2d2cfb26000f4243133ca0a0,7c68e55622997b629a3987dfdad59e4a0954245d2d2cfb26000f4243133ca0a0,true,true,true
TaxiBJ_P4,test,X.npy,"(1444, 2, 8, 8)","(1444, 2, 8, 8)","(1444, 2, 8, 8)",float32,float32,60d94a8494e7bda0f1d87e07c957da43ae146773291995f0f5de0e54f0a0d3bd,60d94a8494e7bda0f1d87e07c957da43ae146773291995f0f5de0e54f0a0d3bd,true,true,true
TaxiBJ_P4,test,Y.npy,"(1444, 2, 32, 32)","(1444, 2, 32, 32)","(1444, 2, 32, 32)",float32,float32,bb14536e4316cb4766bf8fd355345c0c994d0973c4265442be3336874f654682,bb14536e4316cb4766bf8fd355345c0c994d0973c4265442be3336874f654682,true,true,true
TaxiBJ_P4,test,ext.npy,"(1444, 7)","(1444, 7)","(1444, 7)",float32,float32,52a7f1dd8190d79a50953778a9206c4bda838c4f3c7b85d812d1b32e0fc09e3d,52a7f1dd8190d79a50953778a9206c4bda838c4f3c7b85d812d1b32e0fc09e3d,true,true,true
BikeNYC,train,X.npy,"(3162, 2, 8, 4)","(3162, 2, 8, 4)","(3162, 2, 8, 4)",float32,float32,383b079bfdc82e678b1f681ce2204f76df4f6373ee9c0aa29d359f98acb06073,383b079bfdc82e678b1f681ce2204f76df4f6373ee9c0aa29d359f98acb06073,true,true,true
BikeNYC,train,Y.npy,"(3162, 2, 16, 8)","(3162, 2, 16, 8)","(3162, 2, 16, 8)",float32,float32,0d2c59f46d7374efbd5a302cf4ecc5ef70093c61d044cef65e7a425ef7c13031,0d2c59f46d7374efbd5a302cf4ecc5ef70093c61d044cef65e7a425ef7c13031,true,true,true
BikeNYC,train,ext.npy,"(3162, 7)","(3162, 7)","(3162, 7)",float32,float32,2b09df959fe0253916a45ece6ee6ecb101b36187a8670c8a8eb3c080db88e6d4,2b09df959fe0253916a45ece6ee6ecb101b36187a8670c8a8eb3c080db88e6d4,true,true,true
BikeNYC,valid,X.npy,"(351, 2, 8, 4)","(351, 2, 8, 4)","(351, 2, 8, 4)",float32,float32,562f0ecbdca8aa103026c14791ea7f073f7c30c95a58cbcb79a2ecc5e3f0b227,562f0ecbdca8aa103026c14791ea7f073f7c30c95a58cbcb79a2ecc5e3f0b227,true,true,true
BikeNYC,valid,Y.npy,"(351, 2, 16, 8)","(351, 2, 16, 8)","(351, 2, 16, 8)",float32,float32,abd5a30af23c7b87ddd78a6352c063745460aaffdc826f541776bfd3057c30e9,abd5a30af23c7b87ddd78a6352c063745460aaffdc826f541776bfd3057c30e9,true,true,true
BikeNYC,valid,ext.npy,"(351, 7)","(351, 7)","(351, 7)",float32,float32,9e53998b336b86ad7f116063a44a1c549bb0616a3f6e0d28b34fb5dc91245fbc,9e53998b336b86ad7f116063a44a1c549bb0616a3f6e0d28b34fb5dc91245fbc,true,true,true
BikeNYC,test,X.npy,"(879, 2, 8, 4)","(879, 2, 8, 4)","(879, 2, 8, 4)",float32,float32,bd6967e416b9e63be6c56261fff673d0b03de903e460b9a9dffd78f12162a23f,bd6967e416b9e63be6c56261fff673d0b03de903e460b9a9dffd78f12162a23f,true,true,true
BikeNYC,test,Y.npy,"(879, 2, 16, 8)","(879, 2, 16, 8)","(879, 2, 16, 8)",float32,float32,06776b7bb52c289fd006e87ccf7da5f7167c9ea260fecfee9071c9920a0a04b9,06776b7bb52c289fd006e87ccf7da5f7167c9ea260fecfee9071c9920a0a04b9,true,true,true
BikeNYC,test,ext.npy,"(879, 7)","(879, 7)","(879, 7)",float32,float32,1f1c6f8e9da3a49a171870ae06e94c549a8d0e1c971e467498f113da9cfa3be5,1f1c6f8e9da3a49a171870ae06e94c549a8d0e1c971e467498f113da9cfa3be5,true,true,true
