dataset,paper_dataset,variant,metric,runs,mean,std,cv_percent,mean_std
MainSeed_TaxiBJ_P1,TaxiBJ P1,noGAN,RMSE,3,79.7830903333,0.0991474633,0.124271,79.7831 +/- 0.0991
MainSeed_TaxiBJ_P1,TaxiBJ P1,noGAN,MAE,3,42.1963226667,0.1582506218,0.375034,42.1963 +/- 0.1583
MainSeed_TaxiBJ_P1,TaxiBJ P1,noGAN,MAPE,3,90077.0067873333,40101.8218848202,44.519488,90077.0068 +/- 40101.8219
MainSeed_TaxiBJ_P1,TaxiBJ P1,noGAN,RMSE_c,3,1197.8163530000,0.2129589096,0.017779,1197.8164 +/- 0.2130
MainSeed_TaxiBJ_P1,TaxiBJ P1,noGAN,MAE_c,3,647.8959150000,1.4874808836,0.229586,647.8959 +/- 1.4875
MainSeed_TaxiBJ_P1,TaxiBJ P1,noGAN,MAPE_c,3,695.1196230000,460.3578306865,66.227138,695.1196 +/- 460.3578
MainSeed_TaxiBJ_P1,TaxiBJ P1,GAN,RMSE,3,79.9082176667,0.0551734483,0.069046,79.9082 +/- 0.0552
MainSeed_TaxiBJ_P1,TaxiBJ P1,GAN,MAE,3,42.6554026667,0.0356849495,0.083659,42.6554 +/- 0.0357
MainSeed_TaxiBJ_P1,TaxiBJ P1,GAN,MAPE,3,119893.7873276667,32311.2512667858,26.949896,119893.7873 +/- 32311.2513
MainSeed_TaxiBJ_P1,TaxiBJ P1,GAN,RMSE_c,3,1197.7743623333,0.1838750586,0.015351,1197.7744 +/- 0.1839
MainSeed_TaxiBJ_P1,TaxiBJ P1,GAN,MAE_c,3,647.7909163333,1.2883091893,0.198877,647.7909 +/- 1.2883
MainSeed_TaxiBJ_P1,TaxiBJ P1,GAN,MAPE_c,3,819.8181046667,318.8807127916,38.896520,819.8181 +/- 318.8807
MainSeed_TaxiBJ_P2,TaxiBJ P2,noGAN,RMSE,3,100.4262946667,0.0086362978,0.008600,100.4263 +/- 0.0086
MainSeed_TaxiBJ_P2,TaxiBJ P2,noGAN,MAE,3,54.5965140000,0.0114587312,0.020988,54.5965 +/- 0.0115
MainSeed_TaxiBJ_P2,TaxiBJ P2,noGAN,MAPE,3,70168.0565586667,16838.9047135484,23.997964,70168.0566 +/- 16838.9047
MainSeed_TaxiBJ_P2,TaxiBJ P2,noGAN,RMSE_c,3,1502.5504213333,0.0598552656,0.003984,1502.5504 +/- 0.0599
MainSeed_TaxiBJ_P2,TaxiBJ P2,noGAN,MAE_c,3,847.8127816667,0.5823432621,0.068688,847.8128 +/- 0.5823
MainSeed_TaxiBJ_P2,TaxiBJ P2,noGAN,MAPE_c,3,0.3073790000,0.0058019205,1.887546,0.3074 +/- 0.0058
MainSeed_TaxiBJ_P2,TaxiBJ P2,GAN,RMSE,3,100.6008686667,0.0570420711,0.056701,100.6009 +/- 0.0570
MainSeed_TaxiBJ_P2,TaxiBJ P2,GAN,MAE,3,55.0400906667,0.1324352467,0.240616,55.0401 +/- 0.1324
MainSeed_TaxiBJ_P2,TaxiBJ P2,GAN,MAPE,3,97488.9516596667,12040.2352048019,12.350359,97488.9517 +/- 12040.2352
MainSeed_TaxiBJ_P2,TaxiBJ P2,GAN,RMSE_c,3,1502.5265996667,0.0379684366,0.002527,1502.5266 +/- 0.0380
MainSeed_TaxiBJ_P2,TaxiBJ P2,GAN,MAE_c,3,847.8223753333,0.7316073320,0.086293,847.8224 +/- 0.7316
MainSeed_TaxiBJ_P2,TaxiBJ P2,GAN,MAPE_c,3,0.3079610000,0.0060846992,1.975802,0.3080 +/- 0.0061
MainSeed_TaxiBJ_P3,TaxiBJ P3,noGAN,RMSE,3,91.2192660000,0.0076729867,0.008412,91.2193 +/- 0.0077
MainSeed_TaxiBJ_P3,TaxiBJ P3,noGAN,MAE,3,50.2298633333,0.0292635117,0.058259,50.2299 +/- 0.0293
MainSeed_TaxiBJ_P3,TaxiBJ P3,noGAN,MAPE,3,98667.9858443334,8544.6127064581,8.659965,98667.9858 +/- 8544.6127
MainSeed_TaxiBJ_P3,TaxiBJ P3,noGAN,RMSE_c,3,1362.9917390000,0.0221324599,0.001624,1362.9917 +/- 0.0221
MainSeed_TaxiBJ_P3,TaxiBJ P3,noGAN,MAE_c,3,777.1737716667,0.4101202993,0.052771,777.1738 +/- 0.4101
MainSeed_TaxiBJ_P3,TaxiBJ P3,noGAN,MAPE_c,3,21408.6149796667,1097.6574812962,5.127177,21408.6150 +/- 1097.6575
MainSeed_TaxiBJ_P3,TaxiBJ P3,GAN,RMSE,3,91.4175400000,0.0360373097,0.039421,91.4175 +/- 0.0360
MainSeed_TaxiBJ_P3,TaxiBJ P3,GAN,MAE,3,50.7677170000,0.1036035207,0.204074,50.7677 +/- 0.1036
MainSeed_TaxiBJ_P3,TaxiBJ P3,GAN,MAPE,3,119256.5594720000,16685.8589652978,13.991565,119256.5595 +/- 16685.8590
MainSeed_TaxiBJ_P3,TaxiBJ P3,GAN,RMSE_c,3,1363.0198940000,0.0359740010,0.002639,1363.0199 +/- 0.0360
MainSeed_TaxiBJ_P3,TaxiBJ P3,GAN,MAE_c,3,777.5038333333,0.3302843480,0.042480,777.5038 +/- 0.3303
MainSeed_TaxiBJ_P3,TaxiBJ P3,GAN,MAPE_c,3,21794.2373520000,608.4084999887,2.791603,21794.2374 +/- 608.4085
MainSeed_TaxiBJ_P4,TaxiBJ P4,noGAN,RMSE,3,68.7604290000,0.0525829351,0.076473,68.7604 +/- 0.0526
MainSeed_TaxiBJ_P4,TaxiBJ P4,noGAN,MAE,3,36.2869080000,0.0396137981,0.109168,36.2869 +/- 0.0396
MainSeed_TaxiBJ_P4,TaxiBJ P4,noGAN,MAPE,3,75892.7245623333,7566.3657333647,9.969817,75892.7246 +/- 7566.3657
MainSeed_TaxiBJ_P4,TaxiBJ P4,noGAN,RMSE_c,3,1027.6533843333,0.2661630654,0.025900,1027.6534 +/- 0.2662
MainSeed_TaxiBJ_P4,TaxiBJ P4,noGAN,MAE_c,3,550.7968760000,0.9073647574,0.164737,550.7969 +/- 0.9074
MainSeed_TaxiBJ_P4,TaxiBJ P4,noGAN,MAPE_c,3,301.7845360000,255.9096235842,84.798786,301.7845 +/- 255.9096
MainSeed_TaxiBJ_P4,TaxiBJ P4,GAN,RMSE,3,68.9480053333,0.0547796954,0.079451,68.9480 +/- 0.0548
MainSeed_TaxiBJ_P4,TaxiBJ P4,GAN,MAE,3,36.7209643333,0.0436409457,0.118845,36.7210 +/- 0.0436
MainSeed_TaxiBJ_P4,TaxiBJ P4,GAN,MAPE,3,90808.1584013333,3446.5882465356,3.795461,90808.1584 +/- 3446.5882
MainSeed_TaxiBJ_P4,TaxiBJ P4,GAN,RMSE_c,3,1027.7926346667,0.2908069075,0.028294,1027.7926 +/- 0.2908
MainSeed_TaxiBJ_P4,TaxiBJ P4,GAN,MAE_c,3,551.5178586667,0.8552599681,0.155074,551.5179 +/- 0.8553
MainSeed_TaxiBJ_P4,TaxiBJ P4,GAN,MAPE_c,3,305.6191363333,203.5382615836,66.598664,305.6191 +/- 203.5383
MainSeed_BikeNYC,BikeNYC,noGAN,RMSE,3,5.3886693333,0.0589223653,1.093449,5.3887 +/- 0.0589
MainSeed_BikeNYC,BikeNYC,noGAN,MAE,3,2.6405743333,0.0097733504,0.370122,2.6406 +/- 0.0098
MainSeed_BikeNYC,BikeNYC,noGAN,MAPE,3,194465.7474706667,13382.3865684040,6.881616,194465.7475 +/- 13382.3866
MainSeed_BikeNYC,BikeNYC,noGAN,RMSE_c,3,14.0583083333,0.1583971549,1.126716,14.0583 +/- 0.1584
MainSeed_BikeNYC,BikeNYC,noGAN,MAE_c,3,7.4189713333,0.0877487850,1.182762,7.4190 +/- 0.0877
MainSeed_BikeNYC,BikeNYC,noGAN,MAPE_c,3,136217.1676033333,30297.2450801711,22.241870,136217.1676 +/- 30297.2451
MainSeed_BikeNYC,BikeNYC,GAN,RMSE,3,6.0537023333,0.0541976325,0.895281,6.0537 +/- 0.0542
MainSeed_BikeNYC,BikeNYC,GAN,MAE,3,3.0343036667,0.0263666216,0.868951,3.0343 +/- 0.0264
MainSeed_BikeNYC,BikeNYC,GAN,MAPE,3,246708.3521833333,13749.3365163295,5.573114,246708.3522 +/- 13749.3365
MainSeed_BikeNYC,BikeNYC,GAN,RMSE_c,3,14.0561273333,0.3081393893,2.192207,14.0561 +/- 0.3081
MainSeed_BikeNYC,BikeNYC,GAN,MAE_c,3,7.3811423333,0.0430007685,0.582576,7.3811 +/- 0.0430
MainSeed_BikeNYC,BikeNYC,GAN,MAPE_c,3,147166.9639410000,36225.8852093653,24.615501,147166.9639 +/- 36225.8852
