dataset,paper_dataset,method,metric,runs,mean,std,mean_std
MainSeed_BikeNYC,BikeNYC,FUPSI,MAE,3,2.6405743333,0.0097733504,2.6406 +/- 0.0098
MainSeed_BikeNYC,BikeNYC,FUPSI,MAE_c,3,7.4189713333,0.0877487850,7.4190 +/- 0.0877
MainSeed_BikeNYC,BikeNYC,FUPSI,MAPE,3,194465.7474706667,13382.3865684040,194465.7475 +/- 13382.3866
MainSeed_BikeNYC,BikeNYC,FUPSI,MAPE_c,3,136217.1676033333,30297.2450801711,136217.1676 +/- 30297.2451
MainSeed_BikeNYC,BikeNYC,FUPSI,RMSE,3,5.3886693333,0.0589223653,5.3887 +/- 0.0589
MainSeed_BikeNYC,BikeNYC,FUPSI,RMSE_c,3,14.0583083333,0.1583971549,14.0583 +/- 0.1584
MainSeed_BikeNYC,BikeNYC,HA-Mean,MAE,3,11.4337540000,0.0000000000,11.4338 +/- 0.0000
MainSeed_BikeNYC,BikeNYC,HA-Mean,MAE_c,3,44.6361130000,0.0000000000,44.6361 +/- 0.0000
MainSeed_BikeNYC,BikeNYC,HA-Mean,MAPE,3,1259058.5134830000,0.0000000000,1259058.5135 +/- 0.0000
MainSeed_BikeNYC,BikeNYC,HA-Mean,MAPE_c,3,1533097.8105230003,0.0000000003,1533097.8105 +/- 0.0000
MainSeed_BikeNYC,BikeNYC,HA-Mean,RMSE,3,21.5937390000,0.0000000000,21.5937 +/- 0.0000
MainSeed_BikeNYC,BikeNYC,HA-Mean,RMSE_c,3,75.2451270000,0.0000000000,75.2451 +/- 0.0000
MainSeed_BikeNYC,BikeNYC,UrbanFM,MAE,3,2.6041296667,0.0245132182,2.6041 +/- 0.0245
MainSeed_BikeNYC,BikeNYC,UrbanFM,MAE_c,3,7.4189713333,0.0877487850,7.4190 +/- 0.0877
MainSeed_BikeNYC,BikeNYC,UrbanFM,MAPE,3,115156.0090460000,11684.4264638882,115156.0090 +/- 11684.4265
MainSeed_BikeNYC,BikeNYC,UrbanFM,MAPE_c,3,136217.1676033333,30297.2450801711,136217.1676 +/- 30297.2451
MainSeed_BikeNYC,BikeNYC,UrbanFM,RMSE,3,5.4934190000,0.0277382843,5.4934 +/- 0.0277
MainSeed_BikeNYC,BikeNYC,UrbanFM,RMSE_c,3,14.0583083333,0.1583971549,14.0583 +/- 0.1584
MainSeed_TaxiBJ_P1,TaxiBJ P1,FODE,MAE,3,45.7268040000,0.2584886289,45.7268 +/- 0.2585
MainSeed_TaxiBJ_P1,TaxiBJ P1,FODE,MAE_c,3,647.8959150000,1.4874808836,647.8959 +/- 1.4875
MainSeed_TaxiBJ_P1,TaxiBJ P1,FODE,MAPE,3,177603.0997046666,31110.2100511650,177603.0997 +/- 31110.2101
MainSeed_TaxiBJ_P1,TaxiBJ P1,FODE,MAPE_c,3,695.1196230000,460.3578306865,695.1196 +/- 460.3578
MainSeed_TaxiBJ_P1,TaxiBJ P1,FODE,RMSE,3,93.9337690000,0.2085928083,93.9338 +/- 0.2086
MainSeed_TaxiBJ_P1,TaxiBJ P1,FODE,RMSE_c,3,1197.8163530000,0.2129589096,1197.8164 +/- 0.2130
MainSeed_TaxiBJ_P1,TaxiBJ P1,FUPSI,MAE,3,42.1963226667,0.1582506218,42.1963 +/- 0.1583
MainSeed_TaxiBJ_P1,TaxiBJ P1,FUPSI,MAE_c,3,647.8959150000,1.4874808836,647.8959 +/- 1.4875
MainSeed_TaxiBJ_P1,TaxiBJ P1,FUPSI,MAPE,3,90077.0067873333,40101.8218848202,90077.0068 +/- 40101.8219
MainSeed_TaxiBJ_P1,TaxiBJ P1,FUPSI,MAPE_c,3,695.1196230000,460.3578306865,695.1196 +/- 460.3578
MainSeed_TaxiBJ_P1,TaxiBJ P1,FUPSI,RMSE,3,79.7830903333,0.0991474633,79.7831 +/- 0.0991
MainSeed_TaxiBJ_P1,TaxiBJ P1,FUPSI,RMSE_c,3,1197.8163530000,0.2129589096,1197.8164 +/- 0.2130
MainSeed_TaxiBJ_P1,TaxiBJ P1,HA-Mean,MAE,3,70.0879670000,0.0000000000,70.0880 +/- 0.0000
MainSeed_TaxiBJ_P1,TaxiBJ P1,HA-Mean,MAE_c,3,1094.9447670000,0.0000000000,1094.9448 +/- 0.0000
MainSeed_TaxiBJ_P1,TaxiBJ P1,HA-Mean,MAPE,3,138231.0600910000,0.0000000000,138231.0601 +/- 0.0000
MainSeed_TaxiBJ_P1,TaxiBJ P1,HA-Mean,MAPE_c,3,6781.6173260000,0.0000000000,6781.6173 +/- 0.0000
MainSeed_TaxiBJ_P1,TaxiBJ P1,HA-Mean,RMSE,3,114.0945150000,0.0000000000,114.0945 +/- 0.0000
MainSeed_TaxiBJ_P1,TaxiBJ P1,HA-Mean,RMSE_c,3,1501.0022070000,0.0000000000,1501.0022 +/- 0.0000
MainSeed_TaxiBJ_P1,TaxiBJ P1,UrbanFM,MAE,3,44.5980876667,0.5282170672,44.5981 +/- 0.5282
MainSeed_TaxiBJ_P1,TaxiBJ P1,UrbanFM,MAE_c,3,647.8959150000,1.4874808836,647.8959 +/- 1.4875
MainSeed_TaxiBJ_P1,TaxiBJ P1,UrbanFM,MAPE,3,119461.2314540000,32509.0649670350,119461.2315 +/- 32509.0650
MainSeed_TaxiBJ_P1,TaxiBJ P1,UrbanFM,MAPE_c,3,695.1196230000,460.3578306865,695.1196 +/- 460.3578
MainSeed_TaxiBJ_P1,TaxiBJ P1,UrbanFM,RMSE,3,92.1003270000,0.5681249228,92.1003 +/- 0.5681
MainSeed_TaxiBJ_P1,TaxiBJ P1,UrbanFM,RMSE_c,3,1197.8163530000,0.2129589096,1197.8164 +/- 0.2130
MainSeed_TaxiBJ_P2,TaxiBJ P2,FODE,MAE,3,59.1727886667,0.2193865764,59.1728 +/- 0.2194
MainSeed_TaxiBJ_P2,TaxiBJ P2,FODE,MAE_c,3,847.8127816667,0.5823432621,847.8128 +/- 0.5823
MainSeed_TaxiBJ_P2,TaxiBJ P2,FODE,MAPE,3,234991.9927773333,27238.2277212850,234991.9928 +/- 27238.2277
MainSeed_TaxiBJ_P2,TaxiBJ P2,FODE,MAPE_c,3,0.3073790000,0.0058019205,0.3074 +/- 0.0058
MainSeed_TaxiBJ_P2,TaxiBJ P2,FODE,RMSE,3,116.8793380000,0.5249381883,116.8793 +/- 0.5249
MainSeed_TaxiBJ_P2,TaxiBJ P2,FODE,RMSE_c,3,1502.5504213333,0.0598552656,1502.5504 +/- 0.0599
MainSeed_TaxiBJ_P2,TaxiBJ P2,FUPSI,MAE,3,54.5965140000,0.0114587312,54.5965 +/- 0.0115
MainSeed_TaxiBJ_P2,TaxiBJ P2,FUPSI,MAE_c,3,847.8127816667,0.5823432621,847.8128 +/- 0.5823
MainSeed_TaxiBJ_P2,TaxiBJ P2,FUPSI,MAPE,3,70168.0565586667,16838.9047135484,70168.0566 +/- 16838.9047
MainSeed_TaxiBJ_P2,TaxiBJ P2,FUPSI,MAPE_c,3,0.3073790000,0.0058019205,0.3074 +/- 0.0058
MainSeed_TaxiBJ_P2,TaxiBJ P2,FUPSI,RMSE,3,100.4262946667,0.0086362978,100.4263 +/- 0.0086
MainSeed_TaxiBJ_P2,TaxiBJ P2,FUPSI,RMSE_c,3,1502.5504213333,0.0598552656,1502.5504 +/- 0.0599
MainSeed_TaxiBJ_P2,TaxiBJ P2,HA-Mean,MAE,3,50.2793140000,0.0000000000,50.2793 +/- 0.0000
MainSeed_TaxiBJ_P2,TaxiBJ P2,HA-Mean,MAE_c,3,775.0021200000,0.0000000000,775.0021 +/- 0.0000
MainSeed_TaxiBJ_P2,TaxiBJ P2,HA-Mean,MAPE,3,77325.0686090000,0.0000000000,77325.0686 +/- 0.0000
MainSeed_TaxiBJ_P2,TaxiBJ P2,HA-Mean,MAPE_c,3,0.8694730000,0.0000000000,0.8695 +/- 0.0000
MainSeed_TaxiBJ_P2,TaxiBJ P2,HA-Mean,RMSE,3,84.5360390000,0.0000000000,84.5360 +/- 0.0000
MainSeed_TaxiBJ_P2,TaxiBJ P2,HA-Mean,RMSE_c,3,1094.5694010000,0.0000000000,1094.5694 +/- 0.0000
MainSeed_TaxiBJ_P2,TaxiBJ P2,UrbanFM,MAE,3,57.5261110000,0.2274558311,57.5261 +/- 0.2275
MainSeed_TaxiBJ_P2,TaxiBJ P2,UrbanFM,MAE_c,3,847.8127816667,0.5823432621,847.8128 +/- 0.5823
MainSeed_TaxiBJ_P2,TaxiBJ P2,UrbanFM,MAPE,3,118336.7786646667,8403.8582415987,118336.7787 +/- 8403.8582
MainSeed_TaxiBJ_P2,TaxiBJ P2,UrbanFM,MAPE_c,3,0.3073790000,0.0058019205,0.3074 +/- 0.0058
MainSeed_TaxiBJ_P2,TaxiBJ P2,UrbanFM,RMSE,3,114.7995843333,0.6487969723,114.7996 +/- 0.6488
MainSeed_TaxiBJ_P2,TaxiBJ P2,UrbanFM,RMSE_c,3,1502.5504213333,0.0598552656,1502.5504 +/- 0.0599
MainSeed_TaxiBJ_P3,TaxiBJ P3,FODE,MAE,3,54.5931953333,0.2792018028,54.5932 +/- 0.2792
MainSeed_TaxiBJ_P3,TaxiBJ P3,FODE,MAE_c,3,777.1737716667,0.4101202993,777.1738 +/- 0.4101
MainSeed_TaxiBJ_P3,TaxiBJ P3,FODE,MAPE,3,254436.7255290000,31514.4148960247,254436.7255 +/- 31514.4149
MainSeed_TaxiBJ_P3,TaxiBJ P3,FODE,MAPE_c,3,21408.6149796667,1097.6574812962,21408.6150 +/- 1097.6575
MainSeed_TaxiBJ_P3,TaxiBJ P3,FODE,RMSE,3,107.6959146667,0.3268805822,107.6959 +/- 0.3269
MainSeed_TaxiBJ_P3,TaxiBJ P3,FODE,RMSE_c,3,1362.9917390000,0.0221324599,1362.9917 +/- 0.0221
MainSeed_TaxiBJ_P3,TaxiBJ P3,FUPSI,MAE,3,50.2298633333,0.0292635117,50.2299 +/- 0.0293
MainSeed_TaxiBJ_P3,TaxiBJ P3,FUPSI,MAE_c,3,777.1737716667,0.4101202993,777.1738 +/- 0.4101
MainSeed_TaxiBJ_P3,TaxiBJ P3,FUPSI,MAPE,3,98667.9858443334,8544.6127064581,98667.9858 +/- 8544.6127
MainSeed_TaxiBJ_P3,TaxiBJ P3,FUPSI,MAPE_c,3,21408.6149796667,1097.6574812962,21408.6150 +/- 1097.6575
MainSeed_TaxiBJ_P3,TaxiBJ P3,FUPSI,RMSE,3,91.2192660000,0.0076729867,91.2193 +/- 0.0077
MainSeed_TaxiBJ_P3,TaxiBJ P3,FUPSI,RMSE_c,3,1362.9917390000,0.0221324599,1362.9917 +/- 0.0221
MainSeed_TaxiBJ_P3,TaxiBJ P3,HA-Mean,MAE,3,56.0219640000,0.0000000000,56.0220 +/- 0.0000
MainSeed_TaxiBJ_P3,TaxiBJ P3,HA-Mean,MAE_c,3,856.5427550000,0.0000000000,856.5428 +/- 0.0000
MainSeed_TaxiBJ_P3,TaxiBJ P3,HA-Mean,MAPE,3,138962.1264360000,0.0000000000,138962.1264 +/- 0.0000
MainSeed_TaxiBJ_P3,TaxiBJ P3,HA-Mean,MAPE_c,3,49066.2066860000,0.0000000000,49066.2067 +/- 0.0000
MainSeed_TaxiBJ_P3,TaxiBJ P3,HA-Mean,RMSE,3,96.2765630000,0.0000000000,96.2766 +/- 0.0000
MainSeed_TaxiBJ_P3,TaxiBJ P3,HA-Mean,RMSE_c,3,1244.8119420000,0.0000000000,1244.8119 +/- 0.0000
MainSeed_TaxiBJ_P3,TaxiBJ P3,UrbanFM,MAE,3,52.9724330000,0.3848071127,52.9724 +/- 0.3848
MainSeed_TaxiBJ_P3,TaxiBJ P3,UrbanFM,MAE_c,3,777.1737716667,0.4101202993,777.1738 +/- 0.4101
MainSeed_TaxiBJ_P3,TaxiBJ P3,UrbanFM,MAPE,3,147814.0864230000,35623.0195262126,147814.0864 +/- 35623.0195
MainSeed_TaxiBJ_P3,TaxiBJ P3,UrbanFM,MAPE_c,3,21408.6149796667,1097.6574812962,21408.6150 +/- 1097.6575
MainSeed_TaxiBJ_P3,TaxiBJ P3,UrbanFM,RMSE,3,105.1043116667,0.9667326205,105.1043 +/- 0.9667
MainSeed_TaxiBJ_P3,TaxiBJ P3,UrbanFM,RMSE_c,3,1362.9917390000,0.0221324599,1362.9917 +/- 0.0221
MainSeed_TaxiBJ_P4,TaxiBJ P4,FODE,MAE,3,38.5821406667,0.1286286041,38.5821 +/- 0.1286
MainSeed_TaxiBJ_P4,TaxiBJ P4,FODE,MAE_c,3,550.7968760000,0.9073647574,550.7969 +/- 0.9074
MainSeed_TaxiBJ_P4,TaxiBJ P4,FODE,MAPE,3,128178.3463593333,26480.9456275295,128178.3464 +/- 26480.9456
MainSeed_TaxiBJ_P4,TaxiBJ P4,FODE,MAPE_c,3,301.7845360000,255.9096235842,301.7845 +/- 255.9096
MainSeed_TaxiBJ_P4,TaxiBJ P4,FODE,RMSE,3,80.7643820000,0.2095700487,80.7644 +/- 0.2096
MainSeed_TaxiBJ_P4,TaxiBJ P4,FODE,RMSE_c,3,1027.6533843333,0.2661630654,1027.6534 +/- 0.2662
MainSeed_TaxiBJ_P4,TaxiBJ P4,FUPSI,MAE,3,36.2869080000,0.0396137981,36.2869 +/- 0.0396
MainSeed_TaxiBJ_P4,TaxiBJ P4,FUPSI,MAE_c,3,550.7968760000,0.9073647574,550.7969 +/- 0.9074
MainSeed_TaxiBJ_P4,TaxiBJ P4,FUPSI,MAPE,3,75892.7245623333,7566.3657333647,75892.7246 +/- 7566.3657
MainSeed_TaxiBJ_P4,TaxiBJ P4,FUPSI,MAPE_c,3,301.7845360000,255.9096235842,301.7845 +/- 255.9096
MainSeed_TaxiBJ_P4,TaxiBJ P4,FUPSI,RMSE,3,68.7604290000,0.0525829351,68.7604 +/- 0.0526
MainSeed_TaxiBJ_P4,TaxiBJ P4,FUPSI,RMSE_c,3,1027.6533843333,0.2661630654,1027.6534 +/- 0.2662
MainSeed_TaxiBJ_P4,TaxiBJ P4,HA-Mean,MAE,3,43.2782830000,0.0000000000,43.2783 +/- 0.0000
MainSeed_TaxiBJ_P4,TaxiBJ P4,HA-Mean,MAE_c,3,662.7459470000,0.0000000000,662.7459 +/- 0.0000
MainSeed_TaxiBJ_P4,TaxiBJ P4,HA-Mean,MAPE,3,98280.2026730000,0.0000000000,98280.2027 +/- 0.0000
MainSeed_TaxiBJ_P4,TaxiBJ P4,HA-Mean,MAPE_c,3,630.3389120000,0.0000000000,630.3389 +/- 0.0000
MainSeed_TaxiBJ_P4,TaxiBJ P4,HA-Mean,RMSE,3,73.5333080000,0.0000000000,73.5333 +/- 0.0000
MainSeed_TaxiBJ_P4,TaxiBJ P4,HA-Mean,RMSE_c,3,949.3082200000,0.0000000000,949.3082 +/- 0.0000
MainSeed_TaxiBJ_P4,TaxiBJ P4,UrbanFM,MAE,3,38.2269376667,0.2986157342,38.2269 +/- 0.2986
MainSeed_TaxiBJ_P4,TaxiBJ P4,UrbanFM,MAE_c,3,550.7968760000,0.9073647574,550.7969 +/- 0.9074
MainSeed_TaxiBJ_P4,TaxiBJ P4,UrbanFM,MAPE,3,95288.8334010000,18445.0259229976,95288.8334 +/- 18445.0259
MainSeed_TaxiBJ_P4,TaxiBJ P4,UrbanFM,MAPE_c,3,301.7845360000,255.9096235842,301.7845 +/- 255.9096
MainSeed_TaxiBJ_P4,TaxiBJ P4,UrbanFM,RMSE,3,80.0472706667,0.5721621535,80.0473 +/- 0.5722
MainSeed_TaxiBJ_P4,TaxiBJ P4,UrbanFM,RMSE_c,3,1027.6533843333,0.2661630654,1027.6534 +/- 0.2662
