"dataset","paper_dataset","method","seed","RMSE","MAE","MAPE","RMSE_c","MAE_c","MAPE_c"
"MainSeed_BikeNYC","BikeNYC","FUPSI","2024","5.338225","2.644801","209911.630244","13.952203","7.426859","151325.28419"
"MainSeed_BikeNYC","BikeNYC","FUPSI","2025","5.453431","2.629399","187138.784973","14.24038","7.327545","101336.717866"
"MainSeed_BikeNYC","BikeNYC","FUPSI","2026","5.374352","2.647523","186346.827195","13.982342","7.50251","155989.500754"
"MainSeed_BikeNYC","BikeNYC","HA-Mean","2024","21.593739","11.433754","1259058.513483","75.245127","44.636113","1533097.810523"
"MainSeed_BikeNYC","BikeNYC","HA-Mean","2025","21.593739","11.433754","1259058.513483","75.245127","44.636113","1533097.810523"
"MainSeed_BikeNYC","BikeNYC","HA-Mean","2026","21.593739","11.433754","1259058.513483","75.245127","44.636113","1533097.810523"
"MainSeed_BikeNYC","BikeNYC","UrbanFM","2024","5.488203","2.615467","120461.326978","13.952203","7.426859","151325.28419"
"MainSeed_BikeNYC","BikeNYC","UrbanFM","2025","5.523395","2.576","101760.165123","14.24038","7.327545","101336.717866"
"MainSeed_BikeNYC","BikeNYC","UrbanFM","2026","5.468659","2.620922","123246.535037","13.982342","7.50251","155989.500754"
"MainSeed_TaxiBJ_P1","TaxiBJ P1","FODE","2024","93.898403","45.990107","180806.139251","1198.057707","649.575282","1191.919284"
"MainSeed_TaxiBJ_P1","TaxiBJ P1","FODE","2025","94.157784","45.71689","145015.283401","1197.736452","646.744151","610.493737"
"MainSeed_TaxiBJ_P1","TaxiBJ P1","FODE","2026","93.74512","45.473415","206987.876462","1197.6549","647.368312","282.945848"
"MainSeed_TaxiBJ_P1","TaxiBJ P1","FUPSI","2024","79.892264","42.377987","135800.355181","1198.057707","649.575282","1191.919284"
"MainSeed_TaxiBJ_P1","TaxiBJ P1","FUPSI","2025","79.698653","42.088408","60875.957445","1197.736452","646.744151","610.493737"
"MainSeed_TaxiBJ_P1","TaxiBJ P1","FUPSI","2026","79.758354","42.122573","73554.707736","1197.6549","647.368312","282.945848"
"MainSeed_TaxiBJ_P1","TaxiBJ P1","HA-Mean","2024","114.094515","70.087967","138231.060091","1501.002207","1094.944767","6781.617326"
"MainSeed_TaxiBJ_P1","TaxiBJ P1","HA-Mean","2025","114.094515","70.087967","138231.060091","1501.002207","1094.944767","6781.617326"
"MainSeed_TaxiBJ_P1","TaxiBJ P1","HA-Mean","2026","114.094515","70.087967","138231.060091","1501.002207","1094.944767","6781.617326"
"MainSeed_TaxiBJ_P1","TaxiBJ P1","UrbanFM","2024","91.904581","44.612406","144479.49723","1198.057707","649.575282","1191.919284"
"MainSeed_TaxiBJ_P1","TaxiBJ P1","UrbanFM","2025","91.655956","44.062857","82715.677869","1197.736452","646.744151","610.493737"
"MainSeed_TaxiBJ_P1","TaxiBJ P1","UrbanFM","2026","92.740444","45.119","131188.519263","1197.6549","647.368312","282.945848"
"MainSeed_TaxiBJ_P2","TaxiBJ P2","FODE","2024","116.63784","59.319158","223453.181049","1502.482679","847.165391","0.302854"
"MainSeed_TaxiBJ_P2","TaxiBJ P2","FODE","2025","117.481563","59.278664","215422.438179","1502.596162","848.293918","0.305363"
"MainSeed_TaxiBJ_P2","TaxiBJ P2","FODE","2026","116.518611","58.920544","266100.359104","1502.572423","847.979036","0.31392"
"MainSeed_TaxiBJ_P2","TaxiBJ P2","FUPSI","2024","100.433879","54.589125","84942.464896","1502.482679","847.165391","0.302854"
"MainSeed_TaxiBJ_P2","TaxiBJ P2","FUPSI","2025","100.42811","54.590703","51833.873096","1502.596162","848.293918","0.305363"
"MainSeed_TaxiBJ_P2","TaxiBJ P2","FUPSI","2026","100.416895","54.609714","73727.831684","1502.572423","847.979036","0.31392"
"MainSeed_TaxiBJ_P2","TaxiBJ P2","HA-Mean","2024","84.536039","50.279314","77325.068609","1094.569401","775.00212","0.869473"
"MainSeed_TaxiBJ_P2","TaxiBJ P2","HA-Mean","2025","84.536039","50.279314","77325.068609","1094.569401","775.00212","0.869473"
"MainSeed_TaxiBJ_P2","TaxiBJ P2","HA-Mean","2026","84.536039","50.279314","77325.068609","1094.569401","775.00212","0.869473"
"MainSeed_TaxiBJ_P2","TaxiBJ P2","UrbanFM","2024","114.438597","57.52849","115280.607587","1502.482679","847.165391","0.302854"
"MainSeed_TaxiBJ_P2","TaxiBJ P2","UrbanFM","2025","114.411568","57.297475","111888.66855","1502.596162","848.293918","0.305363"
"MainSeed_TaxiBJ_P2","TaxiBJ P2","UrbanFM","2026","115.548588","57.752368","127841.059857","1502.572423","847.979036","0.31392"
"MainSeed_TaxiBJ_P3","TaxiBJ P3","FODE","2024","107.866915","54.869618","228953.354435","1363.016663","777.632692","22448.002314"
"MainSeed_TaxiBJ_P3","TaxiBJ P3","FODE","2025","107.901825","54.598673","244681.595868","1362.974384","777.045518","21517.099172"
"MainSeed_TaxiBJ_P3","TaxiBJ P3","FODE","2026","107.319004","54.311295","289675.226284","1362.98417","776.843105","20260.743453"
"MainSeed_TaxiBJ_P3","TaxiBJ P3","FUPSI","2024","91.211766","50.248993","108298.200618","1363.016663","777.632692","22448.002314"
"MainSeed_TaxiBJ_P3","TaxiBJ P3","FUPSI","2025","91.218931","50.196176","95711.54165","1362.974384","777.045518","21517.099172"
"MainSeed_TaxiBJ_P3","TaxiBJ P3","FUPSI","2026","91.227101","50.244421","91994.215265","1362.98417","776.843105","20260.743453"
"MainSeed_TaxiBJ_P3","TaxiBJ P3","HA-Mean","2024","96.276563","56.021964","138962.126436","1244.811942","856.542755","49066.206686"
"MainSeed_TaxiBJ_P3","TaxiBJ P3","HA-Mean","2025","96.276563","56.021964","138962.126436","1244.811942","856.542755","49066.206686"
"MainSeed_TaxiBJ_P3","TaxiBJ P3","HA-Mean","2026","96.276563","56.021964","138962.126436","1244.811942","856.542755","49066.206686"
"MainSeed_TaxiBJ_P3","TaxiBJ P3","UrbanFM","2024","104.06723","52.668212","109019.012197","1363.016663","777.632692","22448.002314"
"MainSeed_TaxiBJ_P3","TaxiBJ P3","UrbanFM","2025","105.265196","52.844073","155370.754395","1362.974384","777.045518","21517.099172"
"MainSeed_TaxiBJ_P3","TaxiBJ P3","UrbanFM","2026","105.980509","53.405014","179052.492677","1362.98417","776.843105","20260.743453"
"MainSeed_TaxiBJ_P4","TaxiBJ P4","FODE","2024","80.73229","38.561533","108170.701121","1027.950713","551.808472","596.496636"
"MainSeed_TaxiBJ_P4","TaxiBJ P4","FODE","2025","80.988147","38.719829","118156.907923","1027.572096","550.054824","173.091793"
"MainSeed_TaxiBJ_P4","TaxiBJ P4","FODE","2026","80.572709","38.46506","158207.430034","1027.437344","550.527332","135.765179"
"MainSeed_TaxiBJ_P4","TaxiBJ P4","FUPSI","2024","68.811976","36.330747","67711.547692","1027.950713","551.808472","596.496636"
"MainSeed_TaxiBJ_P4","TaxiBJ P4","FUPSI","2025","68.762443","36.253681","77327.912995","1027.572096","550.054824","173.091793"
"MainSeed_TaxiBJ_P4","TaxiBJ P4","FUPSI","2026","68.706868","36.276296","82638.713","1027.437344","550.527332","135.765179"
"MainSeed_TaxiBJ_P4","TaxiBJ P4","HA-Mean","2024","73.533308","43.278283","98280.202673","949.30822","662.745947","630.338912"
"MainSeed_TaxiBJ_P4","TaxiBJ P4","HA-Mean","2025","73.533308","43.278283","98280.202673","949.30822","662.745947","630.338912"
"MainSeed_TaxiBJ_P4","TaxiBJ P4","HA-Mean","2026","73.533308","43.278283","98280.202673","949.30822","662.745947","630.338912"
"MainSeed_TaxiBJ_P4","TaxiBJ P4","UrbanFM","2024","80.645832","38.530296","99717.866438","1027.950713","551.808472","596.496636"
"MainSeed_TaxiBJ_P4","TaxiBJ P4","UrbanFM","2025","79.505786","37.933302","75032.511788","1027.572096","550.054824","173.091793"
"MainSeed_TaxiBJ_P4","TaxiBJ P4","UrbanFM","2026","79.990194","38.217215","111116.121977","1027.437344","550.527332","135.765179"
