epoch,d_loss,g_loss,reconstruction_loss,adv_loss,d_score,g_score,psnr,ssim,p_loss,valid_rmse
1,0.7195272540905067,0.008518934645429792,0.0024891022744635703,0.6029832441504264,0.5347921693897184,0.5480237022032477,25.555182835660098,0.6675490504735476,8.402933118920329e-05,0.08123844116926193
2,0.7224376427743249,0.007735909131477433,0.0017517253421168936,0.598418395508284,0.5339316698691313,0.5503911163993449,25.96581392324371,0.6735853490891395,7.515354497259882e-05,0.07748720794916153
3,0.7350622504890788,0.00741590508109817,0.0016210571655184325,0.5794848032016491,0.5333389154317582,0.5610459379112148,25.98833904344164,0.6576399287104091,7.340173637926339e-05,0.07728651911020279
4,0.7412136793920353,0.007304640533371947,0.001605647237298497,0.5698993401179417,0.5326938921491383,0.5662696891752691,26.18191882622524,0.6486547751860186,7.11905024079909e-05,0.07558310776948929
5,0.7457911284795958,0.0072517601257578316,0.001617522854364081,0.5634237393825012,0.5320474650419362,0.5699151385622069,25.445595888225224,0.6770971407105912,7.924274142461694e-05,0.08226989209651947
6,0.7182230510498488,0.0076950949014830084,0.001624231937786541,0.6070863104509258,0.5316425031302087,0.545524113551321,26.14834128100272,0.7420559244238453,7.439716120848346e-05,0.07587586343288422
7,0.7238292455046212,0.007532472353009783,0.0015514535345088135,0.598101897548485,0.5310264219193769,0.5503425614995285,26.322491698250538,0.7532585609010803,6.986400423454595e-05,0.07436971366405487
8,0.7305947196946028,0.007465168937825201,0.001585537860724759,0.5879631197272281,0.5302257515896629,0.5559130617068991,26.367876368189695,0.7462010326839629,6.995133002637066e-05,0.07398214191198349
9,0.7203807870782104,0.007661204674280568,0.0016085230694859631,0.6052681740610949,0.5297256669741097,0.5463988672817012,26.57094181556716,0.7325388187969918,6.957879840212874e-05,0.07227259129285812
10,0.7275851034240296,0.007453308759145757,0.0015115305557259207,0.5941778371241593,0.528963836300616,0.5524260769307339,26.544245575750665,0.7071337581196905,7.693567484633633e-05,0.07249506562948227
11,0.7244070917661843,0.007529355759470969,0.0015270834458645318,0.6002272472108845,0.5282161848706528,0.5491097414673825,26.616933577283564,0.738337813517748,6.878133821928074e-05,0.0718909204006195
12,0.7184817897575925,0.007619036920613595,0.001504757848459882,0.6114279230043811,0.5274898802113329,0.5431078189615354,26.74957295862712,0.7245101995798416,7.075193014005584e-05,0.07080143690109253
13,0.725433507065958,0.0075027692149455105,0.001494087048002288,0.6008682268611073,0.5266742631058251,0.5488692029066418,26.875283897031057,0.7482884389497501,6.868802597821694e-05,0.06978410482406616
14,0.7311834715292064,0.007403128647553458,0.0014775839645261243,0.5925544780543727,0.5259588110376392,0.5534805458364794,26.778054053274026,0.7017644592177816,7.001899991476655e-05,0.07056965678930283
15,0.7249615119524021,0.00759424343166345,0.0015539277404948413,0.604031584005776,0.5252038762414244,0.5472851721257618,26.643201836554464,0.7567837160903138,7.90342327484247e-05,0.07167383283376694
16,0.7230740315345148,0.007625993838402725,0.001548354480266179,0.6077639490738266,0.5246478318384334,0.5452107425428864,26.936825175259358,0.7357293522203123,7.083976036444242e-05,0.06929142028093338
17,0.7212575637612352,0.00759976299848214,0.0014804630542760574,0.6119300079220302,0.5236554398182425,0.5429435854754426,27.02721913038307,0.7116325866608393,7.06333674815591e-05,0.06857404112815857
18,0.7271810650903876,0.0075616373066385665,0.0015311773366158256,0.6030460129749767,0.5230219298330755,0.5478065442991915,27.024853882245576,0.7114044123397761,7.017438497801909e-05,0.06859271973371506
19,0.7300807914006561,0.007454174188658213,0.0014667398056577472,0.5987434521229309,0.5224339379674898,0.5500860588868772,26.491693947314378,0.678116935672182,6.856091345186109e-05,0.07293500751256943
20,0.7194419122698431,0.0077485912635599135,0.001564293499744542,0.6184297887844761,0.521688341389041,0.5396199394103182,26.655434327116577,0.6987950579944627,7.61407429132224e-05,0.07157296687364578
21,0.7184979812163103,0.007748894360991664,0.001551735797348352,0.6197158703280468,0.5212936013407962,0.5387264682147787,26.657070681316792,0.7248263361650112,7.044560662709966e-05,0.07155948132276535
22,0.7201909945247833,0.007683244850400794,0.0015118989158473188,0.6171346078335964,0.5207515622266886,0.5400226856829852,26.777678875051095,0.7423306277820042,6.908561068640126e-05,0.07057270407676697
23,0.7102975617655792,0.00796076780237762,0.0016049975780359936,0.635577036862621,0.5200901132598666,0.5302710894453612,26.83217679385248,0.7697159387332536,6.980526088080951e-05,0.07013129442930222
24,0.7191257343568118,0.007687827449152338,0.0014759060370452325,0.6211921542510636,0.5192821696743536,0.5379346387312649,27.04954941634204,0.7838596951909912,7.060163022338324e-05,0.06839797645807266
25,0.7235813052304712,0.0076037688569008405,0.0014577051294008656,0.6146063879083286,0.5183372868275188,0.5414207893167179,27.029567069433593,0.7668401106095417,6.990450124217331e-05,0.06855551153421402
26,0.715810231830163,0.0077238515531307455,0.0014325679864006988,0.6291283711565708,0.5174090819951345,0.5336136422919099,27.14531382819168,0.7808304021368812,6.869979582933615e-05,0.0676480084657669
27,0.7142722116027671,0.007838446350571045,0.0015090815943373732,0.6329364873013318,0.5164711910356902,0.5315747348044281,26.94475427987415,0.7791775462431308,6.911674458261818e-05,0.06922819465398788
28,0.7165731220242226,0.007827824450059402,0.0015251300440651757,0.6302694545459936,0.5157042770382607,0.5330679789724356,26.853179901030977,0.7740057709413174,6.88781409928778e-05,0.06996192038059235
29,0.7207206549964242,0.007725889657677337,0.0014857931971782052,0.6240096637718306,0.5147313404287028,0.5363270241049541,27.217879300632823,0.7843465665718178,6.871384824176321e-05,0.06708520650863647
30,0.7162401685191173,0.007765845349089124,0.0014389868536970182,0.6326858628195888,0.5138133576949281,0.5316140444791293,27.208091277527924,0.7835485181767187,7.121332890757267e-05,0.06716084480285645
31,0.7197997518309945,0.00773365526012513,0.0014557053744033675,0.6277949998521397,0.5127771039451132,0.5342011128029958,27.074301069726587,0.7700498885922618,6.902935075416819e-05,0.06820334494113922
32,0.7212081705167998,0.007734240215812993,0.001472637907342886,0.6261602455185559,0.5119839122936493,0.5350182350335507,26.918708895117,0.7559826492747187,7.174910965234185e-05,0.06943608820438385
33,0.7223710456151542,0.007705808543085189,0.0014555307655802815,0.625027790185576,0.5112313819041305,0.5355976982621438,26.946962778691393,0.7515965535011127,6.859295378309162e-05,0.06921059638261795
34,0.7064853636235645,0.008063330332810436,0.001508042492452497,0.6555287919492803,0.510125214688328,0.5196625145934742,26.799764936675796,0.7706928890504878,7.046760623703213e-05,0.07039348781108856
35,0.7130939808822948,0.007925771012716118,0.001481507670619255,0.644426347471083,0.5093841214935534,0.5254500757150945,26.71469831257776,0.7705930285639577,7.39847556496713e-05,0.07108628004789352
36,0.7085753685937439,0.008080379709841427,0.001538058080629952,0.6542321779397191,0.5082774566514644,0.52032137794921,27.10557895380813,0.7868303948150569,6.916410754618214e-05,0.06795818358659744
37,0.7154085480171469,0.007917155883349063,0.0014892680691261234,0.6427887965784819,0.5072593714828793,0.5261892949884303,27.14352326126347,0.786557340260708,6.896438361304293e-05,0.06766195595264435
38,0.7161437697429394,0.007874603817982747,0.001455976508825988,0.6418627421374701,0.5068248499780011,0.5266211270345503,27.069000659192916,0.7855693277342495,6.92203168348716e-05,0.06824497133493423
39,0.7164908344615533,0.007986978343017473,0.0015565008607758533,0.643047764025418,0.5055945943171535,0.5260245618186915,27.011205043543995,0.7635653609837288,6.979693522688611e-05,0.06870058923959732
40,0.7156143577611422,0.007986769712983798,0.0015319687304993813,0.645480113935502,0.504825983331205,0.5246869653247831,27.00184720833656,0.7581954342978341,7.074849194493927e-05,0.06877464801073074
41,0.7204855220400919,0.00778327810159841,0.0014070764947547911,0.6376201733407968,0.5041778439522416,0.5288045294264443,26.89337072959761,0.7128839516020441,6.91276593178842e-05,0.0696389451622963
42,0.721490945806635,0.0077817391844210385,0.0014130818601856884,0.6368657463401027,0.5034651361273591,0.5292090505537902,26.769325832883027,0.7180677089856301,7.59504305962526e-05,0.07064060866832733
43,0.7204035798786973,0.007829841204296202,0.0014318662553530904,0.6397975045626764,0.50275882279144,0.5276603984017657,26.87555549276752,0.6953259992909122,6.92932037202989e-05,0.06978192180395126
44,0.7220804624695436,0.007842044489927232,0.0014666303875014177,0.6375414251810936,0.5021465504584854,0.5288175458307723,26.862383967795687,0.6847776497081245,6.890748112145073e-05,0.06988782435655594
45,0.7201536686541139,0.007879001043741833,0.0014613254772184476,0.6417675745636127,0.5017082282071988,0.526622823905506,26.35223044818336,0.67377691790139,7.087194003904322e-05,0.07411552220582962
46,0.7038872539801162,0.008426076500510636,0.0016863139671990544,0.6739762654279424,0.5011022538436548,0.5102119881373185,26.592683780669645,0.7021781206130981,6.932438875782303e-05,0.07209190726280212
47,0.7109709761003222,0.008133098161623204,0.00152199397265867,0.6611104336010634,0.5006214914589944,0.5167805379272526,26.908194719822404,0.7123535569612082,6.841821173799985e-05,0.06952019780874252
48,0.7182625110489533,0.007969013766130281,0.0014797096504394472,0.6489304337040678,0.5000610493422338,0.5231955184464703,26.815648639431224,0.7010615607360741,6.993857460825398e-05,0.07026487588882446
49,0.7188221075909456,0.00794924683085129,0.0014666906015471084,0.6482556392925496,0.4996281342236797,0.5234800646917982,26.73788038462401,0.6909735904627549,6.923259495286851e-05,0.07089681178331375
50,0.7221899054146064,0.00797070420416345,0.0015373770916010305,0.6433327251323974,0.49888239743128016,0.526086217474577,26.700917382892897,0.6886861644265971,6.890616505436465e-05,0.07119915634393692
51,0.7140196582974767,0.008100617028537704,0.0015047949136135013,0.6595822198072756,0.4982878121790488,0.5177300553193303,26.552728561045637,0.6849897054882793,6.918592837239085e-05,0.07242429256439209
52,0.7128253602260511,0.008137950924746227,0.0015148729640674543,0.6623078120687461,0.4977142699528179,0.5162333257491458,26.543698077039167,0.677035792565449,7.238706703891614e-05,0.07249963283538818
53,0.7200514451208121,0.007979085268471133,0.0014823653474529712,0.6496720110249316,0.4972431805085227,0.5227909860722255,26.556130477415593,0.673650809180685,7.006746557506497e-05,0.0723959356546402
54,0.7132301499465827,0.008165682774994775,0.0015343681760352744,0.6631314744297255,0.49680151136434053,0.5158931053366652,26.278243958510554,0.6364713442790044,6.8853187151866e-05,0.07474953681230545
55,0.6997364285664681,0.008474965908617899,0.0015790744676676572,0.6895891577691173,0.496438879664206,0.5024242028055185,26.846574701707162,0.7244784976496841,7.078056266833952e-05,0.07001513987779617
56,0.7032126702422142,0.00832736292421661,0.0014924493325625611,0.6834913778273703,0.4958238926943316,0.5054438514469644,26.980717798092442,0.7738043260780764,7.217095106243422e-05,0.06894215196371078
57,0.701526540427675,0.008415468545345238,0.0015414096436473705,0.6874059075826411,0.4952534099380724,0.5033828294802307,26.877735807276743,0.7672395915180058,7.12757974248389e-05,0.0697644054889679
58,0.7051358703795739,0.008259783452407339,0.0014548298548741718,0.680495374027167,0.49489376099778976,0.5067711162143911,27.338963754253164,0.7821447423526219,6.87286101956751e-05,0.06615649908781052
59,0.7082307880681883,0.008210808748378125,0.0014595242119519766,0.6751284651423974,0.49436269766166757,0.5094393260928849,27.339600618893947,0.7845399717747907,6.882802783057907e-05,0.06615164875984192
60,0.7101562958575643,0.008169350636183705,0.0014452434865602297,0.6724107323470357,0.49380209291553434,0.5108473980450301,27.20230538903852,0.7856104007531038,6.971442480371775e-05,0.06720560044050217
61,0.7058489560924182,0.00828268621141369,0.0014697885585313248,0.6812897789721266,0.4933461583734421,0.5062954569630996,27.14462122213764,0.7999418968762154,7.711807932379948e-05,0.06765340268611908
62,0.7095308706291721,0.008177014688650766,0.0014251398236749793,0.6751875006627441,0.4926394531399227,0.5093763197902627,27.251750337018255,0.7915260569873827,6.957146523721843e-05,0.06682410836219788
63,0.7071921118461012,0.008336417098394316,0.00152643982481449,0.6809977401564734,0.491913623946188,0.5064653990340813,27.28983553194515,0.7844179592607341,6.848648640026473e-05,0.06653174757957458
64,0.6943603955860752,0.008514078793818233,0.0014321067464846524,0.708197220190037,0.49110431609617733,0.4929426594990637,27.360636482029108,0.7898248723058989,6.902148739514631e-05,0.06599163264036179
65,0.7013877107860382,0.008372799384381369,0.0014237976431868663,0.6949001905715912,0.49045207101134075,0.4995045639785162,27.490171480753286,0.787059040812703,6.955977561817506e-05,0.0650147870182991
66,0.7052181961895367,0.008315497045549103,0.0014339347561621728,0.6881562419269995,0.48990863949589475,0.5028703668492158,27.53613912775431,0.7918186280634496,6.911055403721813e-05,0.06467162072658539
67,0.7021214860117334,0.008345782353905845,0.0013910701467314544,0.6954712358295408,0.4892243450405878,0.49923019974267774,27.490909370300855,0.8037742840779292,6.860427455759875e-05,0.06500926613807678
68,0.7039821462204863,0.008373560053881143,0.0014465024436405816,0.6927057733510686,0.4885026700672235,0.5005501915874018,27.487093857264504,0.7921607773025314,6.917173474568273e-05,0.06503782421350479
69,0.7076824852935897,0.008304857758512472,0.001441997958421903,0.686285995951144,0.4879501267219358,0.5037814607987037,27.172154778049652,0.7932931318943635,8.502537174033364e-05,0.06743928790092468
70,0.702316864942893,0.008410831353701236,0.0014252568540615836,0.6985574652300627,0.4872490537158758,0.4977658928655465,27.519672764987163,0.8010655060991064,7.102479644951505e-05,0.06479433923959732
71,0.7063321676950248,0.008338839925193693,0.0014281314645387493,0.691070862501409,0.48666890568046645,0.5013959527721067,27.548372308522566,0.8006523829517942,7.086266001134935e-05,0.06458060443401337
72,0.7070258263300156,0.00830692855823714,0.001404937235167021,0.6901991444931933,0.4863421298774115,0.5018260825197607,27.454976525087282,0.7850190651365173,6.884944636637192e-05,0.06527876108884811
73,0.7075385331010285,0.008313762196716238,0.0014119671143647736,0.690179522024966,0.48569211048330624,0.501822329366936,27.456009463964644,0.7742648700098971,7.077123505902921e-05,0.06527099758386612
74,0.7094201447538919,0.008311343716701185,0.001437074511681171,0.6874269354429627,0.48502390265935036,0.5031790511926328,27.270822508177062,0.7695449281048465,6.949931033992053e-05,0.06667754054069519
75,0.7060669575138832,0.008360199695777571,0.00140822306374868,0.6951976764523458,0.48444180240527646,0.4993306364886154,27.38632179710904,0.7776239793021957,6.836068579762363e-05,0.06579677760601044
76,0.7004921259180955,0.008529279207140894,0.0014496448051483223,0.7079634509691669,0.48417954185070133,0.4932821417309437,27.150562073334648,0.7677001233224745,7.040799928618622e-05,0.06760714948177338
77,0.7070580463829517,0.008377724877000834,0.0014246345823263305,0.6953090479466415,0.4834963094631674,0.4994182362515702,27.093773227009162,0.7555440388200603,7.373910153285571e-05,0.06805061548948288
78,0.7107298568547517,0.008317919036546167,0.0014291832928914996,0.6888735889212855,0.4829724020545691,0.5026408365335533,27.169171359780783,0.7475825821682488,7.29850798478039e-05,0.06746245920658112
79,0.7128389057244696,0.008270319882488854,0.0014188109923406386,0.6851509070020221,0.48264533473346516,0.5044825962897118,27.077609083139848,0.7216268620449743,6.840243856407502e-05,0.06817737221717834
80,0.704201342242866,0.008462808194112848,0.001433695385135823,0.7029112958343777,0.48218909056856,0.495568694761127,27.103817368922574,0.6955434243916433,8.119534999520358e-05,0.06797196716070175
81,0.711477760262273,0.008342953883160462,0.001451854721641806,0.6891099326239065,0.4817004581566785,0.502427233805553,27.233361475603406,0.7386609204919823,6.83556405696677e-05,0.0669657364487648
82,0.7110506066517325,0.00835628066160505,0.0014552236256054323,0.6901057241466153,0.48151523047258477,0.5018904623939833,27.20014676067553,0.7176269687615432,6.849445627136211e-05,0.06722229719161987
83,0.7128684168423107,0.00827779598903942,0.0014079784913837204,0.686981767474782,0.48122331345261593,0.5034572208578222,27.042293503632543,0.6876441039048232,6.971451437904037e-05,0.06845513731241226
84,0.7019812761365701,0.008578039268564425,0.0014787086568537665,0.7099330797546557,0.4807888376799012,0.49213394352199996,27.005439315212154,0.7095636503520982,7.359215209312173e-05,0.06874620914459229
85,0.7017990305265418,0.008625097345024407,0.001512975065205381,0.7112122485701933,0.48029147183558096,0.491496511778496,26.746625993492025,0.7438766558965048,8.594830227684774e-05,0.07082545757293701
86,0.7030326157004954,0.008604528306494176,0.001506916713581851,0.7097611774511042,0.47962532601491314,0.49219266028877623,27.262565875282654,0.7607509369974013,6.950045308574084e-05,0.06674095243215561
87,0.7025561771606004,0.008567830877112841,0.0014610212871205995,0.7106809743841097,0.47954310074125284,0.49169774877641015,27.37803966137719,0.7630876865221824,7.043619127008347e-05,0.06585954874753952
88,0.7048862866082527,0.008490127743387756,0.001433569528003279,0.7056558368082191,0.47967863274905964,0.4941659668885431,27.397599789731014,0.7569508686726227,6.888875775526138e-05,0.06571140140295029
89,0.7062280959474813,0.008458764493749535,0.0014210749423054195,0.7037689707766701,0.4792270989577916,0.4951166684771744,27.351681873086164,0.7494295585207092,6.873869261244154e-05,0.06605970114469528
90,0.7059792486324975,0.008515777672536274,0.0014665299866723238,0.7049247916006556,0.4789077532205199,0.494572626102292,27.245012226190156,0.7374513636935841,6.884819552271407e-05,0.06687597185373306
91,0.6987501546632765,0.00863254051790239,0.0014312310536336312,0.7201309601465861,0.47862948550745343,0.4870611050268445,27.537053395914384,0.7577307177828504,6.87511015331176e-05,0.0646648108959198
92,0.703105850802841,0.008525539130795401,0.0014056796606025125,0.7119859685088991,0.47805837114181743,0.4910241970296442,27.544505258653537,0.7426300332659767,6.855991109024701e-05,0.0646093562245369
93,0.7015291224334838,0.008620187732036532,0.0014605345885666734,0.7159653307574897,0.4777295063154859,0.4891064477194147,27.354053147881444,0.7175715526977142,7.265617794248387e-05,0.06604167073965073
94,0.7012385030391576,0.008642668648452095,0.0014666951105934197,0.7175973704737476,0.4770884312037807,0.4882860710399861,27.684601005505954,0.7238427774730699,6.83337042322867e-05,0.0635756254196167
95,0.7049948282730885,0.008496267931691366,0.0013946494042265973,0.7101618758084977,0.4768102153753623,0.4919052756906418,27.5404353561742,0.7191262869607835,7.141101158434592e-05,0.06463964283466339
96,0.7062854797804066,0.00849779064716241,0.0014152206120924397,0.7082570216751349,0.4763778839590987,0.4928354862722263,27.46186433012671,0.7005436069521553,6.872969754199011e-05,0.06522701680660248
97,0.7051189349012732,0.008554026032605114,0.0014465855037148142,0.7107440676052738,0.4763384808606807,0.49163241581568823,27.51072354771064,0.7044945617258807,6.83873111023284e-05,0.06486113369464874
98,0.7074501860071216,0.008499263732508559,0.0014313618847849258,0.7067902025464802,0.47591795041951435,0.4935886010694159,27.43328434639542,0.6975877713331412,7.186105333315817e-05,0.06544198840856552
99,0.7067120087765927,0.008525997759097114,0.0014290019579263579,0.7096995953115329,0.4751728001117393,0.4921842911069445,27.443030605298276,0.7169127185623367,7.156980921234216e-05,0.06536860018968582
100,0.7028593013429234,0.008608345987543434,0.0014322196265999754,0.7176126483080811,0.4750209589250616,0.4882302064984978,27.362751357001432,0.7120588597281154,6.94456264340634e-05,0.06597556918859482
101,0.701371496010579,0.008600191699364207,0.0013865054506051705,0.7213686355864194,0.4746386704281864,0.4863875275140997,27.524948534365098,0.7172836460076369,6.909542267435757e-05,0.06475500017404556
102,0.6987645797318804,0.008692803156466016,0.0014184352965231919,0.727436804207119,0.4742826060352162,0.4834313497662466,27.393053070264187,0.7091915238471258,6.833201115394717e-05,0.06574580818414688
103,0.7019611182846105,0.008597848842619752,0.0013892124260039137,0.7208636588442098,0.47422858992350253,0.4866405545607121,27.47650591828423,0.7210410500501657,6.853456593684435e-05,0.06511715054512024
104,0.7033053771356937,0.008625399710746441,0.0014392020945289685,0.7186197742359329,0.4739960086808089,0.487781812257472,27.4040871324849,0.7223162266599151,6.829928317977625e-05,0.06566233932971954
105,0.7006162364258726,0.008681262080373339,0.001437680601571882,0.7243581677956615,0.47385274529221966,0.4849337882544162,27.22953698867282,0.7328572980253212,6.968723713674729e-05,0.06699522584676743
106,0.7032925960345145,0.008598480416482644,0.001405421150621715,0.7193059413390752,0.47339909398814395,0.48734341551017635,27.486616800558487,0.7342621178338022,7.279592426049602e-05,0.06504140049219131
107,0.7040340087666157,0.008578346813811548,0.0013935646989546903,0.7184782295459042,0.47302133389635354,0.4877506124785196,27.554745981041098,0.747595438451478,7.144932977005844e-05,0.06453323364257812
108,0.7051332861792485,0.00859168004048627,0.0014277589127003785,0.7163921298359978,0.47288839253526543,0.4887687997901071,27.543095531529694,0.7485027104229122,6.840287134097024e-05,0.06461984664201736
109,0.7056793269948063,0.008545575341372643,0.0013874027202056475,0.7158172802263619,0.4726158624256543,0.48907377728108586,27.532020665906437,0.7591159199223374,7.018005950707563e-05,0.06470229476690292
110,0.705332722145033,0.008557635787470336,0.0013860058930949268,0.7171630048971283,0.47219399869794676,0.48839009936744643,27.38854753046363,0.7450723583564097,6.966499722964762e-05,0.0657799169421196
111,0.7010127925935503,0.008741543269462094,0.0014687751591748103,0.7272768224406446,0.4718114058686118,0.4835523016197285,27.677021151144686,0.7809140305498462,6.83463694004675e-05,0.06363113224506378
112,0.7054317590047622,0.008585294240805211,0.0013990680204017394,0.7186226410586767,0.47139032129235053,0.48772739674369414,27.459281910015328,0.7710898183124922,7.535714485964958e-05,0.06524641066789627
113,0.7017912593505479,0.008715656510677329,0.0014443422173548498,0.7271314476917324,0.4709621145096678,0.48362083179554133,27.430343361524415,0.7301161882681247,7.128363897001031e-05,0.06546415388584137
114,0.7057447163467734,0.008557207273768798,0.0013680785618395465,0.7189128866797604,0.47080871978141536,0.4875647177396833,27.306956997404495,0.7757935075016765,6.823102752372897e-05,0.06640072911977768
115,0.7000915670692724,0.00877203873770751,0.001451628829458487,0.7320410082169382,0.4702762506613208,0.481244446806497,27.263702342392282,0.7326286561561354,7.520583372147297e-05,0.06673222035169601
116,0.7039215036476231,0.008702422384439645,0.0014631099255607365,0.7239312660059279,0.47013452517837384,0.4851133366269081,27.09797041719671,0.7436021127742091,7.450468651213088e-05,0.06801773607730865
117,0.6949672620599008,0.008923123329192068,0.001480482743696642,0.7442640783283603,0.4697481761787535,0.47541464111822207,27.240825238330615,0.7763520636599818,6.850994041064086e-05,0.06690821796655655
118,0.7007736017012737,0.008745153214755535,0.0014282351465042212,0.7316918194411539,0.46972368284325156,0.48143944379375764,27.039766134464642,0.7694682035095248,7.435205596614386e-05,0.06847506016492844
119,0.6963213075547529,0.008966807171305609,0.001549714513705954,0.7417092788070538,0.4693980933724854,0.4765742027312811,26.907675838291055,0.6911225889152263,6.930784643695123e-05,0.06952434778213501
120,0.6952886132720582,0.008959458458171832,0.0015084823928124356,0.745097624322915,0.46896224974958933,0.4750360006920841,27.18459771967812,0.7226934469107426,7.033035586284009e-05,0.06734274327754974
121,0.6960911342064696,0.008837485392036052,0.001402693275496349,0.7434792269773188,0.46872312153819984,0.47572117904782846,27.486178940257304,0.750228096396376,6.808502742357667e-05,0.06504467874765396
122,0.6988807698757064,0.008771673891935828,0.0013919824659016124,0.7379691649000555,0.46842847075766436,0.478371060282521,27.45512178952106,0.7549678022727305,6.895779330306905e-05,0.06527766585350037
123,0.6983543313466586,0.008769820825754617,0.001373138138197759,0.7396682829233002,0.46827305143087966,0.4776036739545304,27.48777649147189,0.7687140651595541,7.007618701837135e-05,0.0650327131152153
124,0.6980626193180749,0.008807885052757503,0.0013977851281475268,0.741010007930382,0.46783809417725236,0.4769382436247267,27.632685095747522,0.7765720553728409,6.899553070272866e-05,0.06395675987005234
125,0.7000944944371682,0.00873373745818776,0.0013591366888003706,0.7374600934245569,0.46741427439047584,0.4786566083051906,27.556376209225647,0.7728529482176809,7.082213008585482e-05,0.06452111899852753
126,0.6968969936671812,0.008974983448127161,0.0015227619214454894,0.745222171617918,0.46705516167646327,0.4749693160853364,27.38686757256719,0.7711584678976051,7.203169645848798e-05,0.06579264253377914
127,0.69911947385956,0.00880112474996114,0.0013922187802795122,0.740890607012486,0.4667266761292602,0.4770163966980833,27.46189951920563,0.7708559309765374,7.273763205011811e-05,0.06522674858570099
128,0.7001660929002078,0.00879740707679143,0.0014067290563266148,0.7390678222441187,0.4665360282041147,0.4779153972726994,27.590832781645926,0.7760486680191833,6.939264005120094e-05,0.064265675842762
129,0.7006478145826341,0.00881644142736521,0.0014257321774379095,0.739070943513252,0.46605135573908185,0.47792636158825297,27.55120511975822,0.7708957313975214,6.897144889598405e-05,0.06455954164266586
130,0.7010350331595506,0.008848150914080593,0.0014564996593822233,0.7391651415025459,0.4655530227790296,0.4778871001733282,27.159368665665813,0.7523701833440112,7.081768816409007e-05,0.06753863394260406
131,0.6947327161760098,0.008926552567902871,0.0014020649264373723,0.7524487844115414,0.4657544287155523,0.4715264198577851,27.54068379533105,0.7826657656467322,7.011274604183461e-05,0.06463779509067535
132,0.6971625858901912,0.00887761016074448,0.0014002237701712006,0.7477386515834942,0.4654060412911033,0.4737549546829264,27.793661431025434,0.7870399030772123,6.964750992723593e-05,0.06278236210346222
133,0.6988185289500184,0.008798581581099852,0.0013552784901675642,0.7443303303213828,0.46519064911096836,0.4753344494562883,27.811474298776275,0.7931354541283149,6.799257893552918e-05,0.06265374273061752
134,0.6995737386094669,0.00879034322406668,0.001362760222348875,0.7427583213388567,0.4651737567392483,0.4761047838629272,27.760186407903443,0.7951450203404282,7.111947802608408e-05,0.06302478909492493
135,0.6998243318585328,0.008794876497011096,0.0013643892691332913,0.7430487346053516,0.46478760708796985,0.4759857960040439,27.794317805491747,0.7984900678391065,6.852329511823438e-05,0.06277761608362198
136,0.6988398996252202,0.008818148976996452,0.0013603590987025737,0.7457790002471754,0.46443791994133093,0.47466110003613704,27.847261370975502,0.8008736415858909,6.813167136157819e-05,0.062396127730607986
137,0.6997011343481351,0.008854477542631922,0.0014050493634046887,0.7449428356845939,0.46406555696978996,0.47514928402201584,27.605864199539045,0.8026358681323724,7.379844977162112e-05,0.06415455788373947
138,0.6985251669974644,0.008871117328770611,0.0013965916183681021,0.7474525851845977,0.464141820544557,0.47397223553870715,27.60552285031128,0.7892251461099237,6.94389506276945e-05,0.06415707617998123
139,0.7005964560308087,0.008796470807369292,0.0013637286972929279,0.7432742265005946,0.4638947295092345,0.47594338161705513,27.76470314683587,0.793631756202483,6.805193741196179e-05,0.06299202144145966
140,0.7006277490571328,0.008841900419465889,0.0014048002355344432,0.7437100350895969,0.463695803063234,0.475773901178365,27.603771978749947,0.7888742525340159,7.562977626201981e-05,0.06417001038789749
141,0.7027594952266676,0.00879951278121259,0.0014102345660548072,0.7389278349948509,0.4637287051798402,0.4780471609815965,27.552324873015614,0.7892765720169266,6.829989086337083e-05,0.0645512193441391
142,0.7036711700961121,0.008753151128302468,0.0013801175733583683,0.7373033755708102,0.4635424059445258,0.47883151458878803,27.35006566070764,0.7733980543685682,7.046726064275497e-05,0.0660719946026802
143,0.70303025635977,0.008802744698325597,0.0014127170633987563,0.739002781546014,0.46338039368175504,0.47802468229092554,27.361673123297876,0.7774753720213324,6.880045410328761e-05,0.06598375737667084
144,0.7026605638604976,0.008818807262856266,0.001422295571420584,0.7396511838751196,0.4633949631769982,0.4776816949649989,27.42395463324896,0.7846257854333688,6.962099819338744e-05,0.06551232188940048
145,0.702027512411786,0.008843710855443096,0.00143193762950271,0.7411773394472422,0.4633688651206539,0.4769772844907095,27.49015636262737,0.789039595560594,7.033142031407395e-05,0.06501489877700806
146,0.70312566834794,0.008800857647136588,0.001407341934240899,0.7393515874569859,0.4629927185865549,0.47782138254515516,27.41886540291897,0.7931768793564338,7.149220176807665e-05,0.06555071473121643
147,0.7008394261553913,0.008842548032160811,0.0014037181862693018,0.7438829996176726,0.4631359216063372,0.4756044067888178,27.56188736652573,0.7922439557133298,6.830610324574033e-05,0.06448019295930862
148,0.699534006059209,0.008852466309588846,0.001383188309363487,0.7469278255784927,0.46291001363462086,0.47410079783941866,27.489471739837548,0.7971309217023643,6.844473188065523e-05,0.06502002477645874
149,0.6977577606053199,0.008903493864717725,0.0013950182762386414,0.7508475790675889,0.46299851904724243,0.4722847280966303,27.417306674452114,0.7935362378240147,6.853171568161534e-05,0.06556247919797897
150,0.6994763372525974,0.008831148035824299,0.001359082381244085,0.747206586509218,0.46282069695615047,0.47396977967842874,27.463699012887382,0.7877743607991702,6.853856457319055e-05,0.06521323323249817
151,0.7016967859885789,0.008832481593006265,0.0014069106512170904,0.7425571073441816,0.4627968053297335,0.4762337660021409,27.41332253036669,0.7765554855396222,6.932168054920185e-05,0.06559255719184875
152,0.7024999291860767,0.00881567045086156,0.0014031172248141143,0.7412553404915262,0.462496350855517,0.47681785084400263,27.17906870986375,0.7742890289851597,7.861626271554603e-05,0.06738562881946564
153,0.6917716660913396,0.009116966587189464,0.0014643218125817339,0.7652644899861739,0.46251768867174786,0.4655012399996683,27.469659351453313,0.7475450996196631,6.858834937681363e-05,0.06516849994659424
154,0.6885115474873981,0.00929549638791785,0.001559770946806685,0.7735725627926758,0.4621016530125334,0.46163834940046955,26.70762549879403,0.7684095772829923,7.073132506164535e-05,0.07114418596029282
155,0.6921322311248378,0.009043549872655605,0.0013962179516674184,0.7647332061990791,0.4621966052690201,0.4656604403809918,27.624325582317496,0.7907633009927098,6.814096520984728e-05,0.06401834636926651
156,0.6937411077158926,0.009048190877150149,0.001433823134227828,0.7614367889542865,0.46205185245009806,0.4672248803965752,27.447003824539735,0.7634332887022011,6.805071201521277e-05,0.06533870846033096
157,0.6915365985786343,0.009200908882907156,0.0015331266765077987,0.7667782370155379,0.462000765469731,0.4647858968343804,27.26628131299489,0.7433098523647754,7.254277683659535e-05,0.06671241670846939
158,0.6934083249912224,0.009042682164127618,0.0014131470131954174,0.7629535307937512,0.461635094912408,0.46648723463099856,27.603297902605174,0.7812420189122617,6.829734133861833e-05,0.06417351216077805
159,0.6925739397899169,0.009071826312708118,0.001423754715247424,0.7648071708215216,0.4616314421979163,0.46560449307486856,27.52812825065826,0.7787177689147718,7.481283591165276e-05,0.06473129987716675
160,0.6940255477818746,0.009020248033659854,0.0014005319146778653,0.7619716239006875,0.4613104751045809,0.4668928397712858,27.786757325629686,0.7832586481457665,6.9122389794523e-05,0.06283228099346161
161,0.6945375123751313,0.008979388104872943,0.0013667752832801307,0.7612612988900229,0.46108365544827656,0.4672280509443678,27.818870145853115,0.7904716830749017,7.19878644057015e-05,0.06260041147470474
162,0.6954305487820226,0.008971470804305786,0.0013749190399675512,0.7596551947966756,0.46091422158428746,0.4680007579568026,27.87295086336706,0.8016852622940427,6.805614962833532e-05,0.062211859971284866
163,0.695310273270792,0.008964459466295443,0.0013620395141113047,0.7602420121255006,0.46075653443988573,0.4677216793893592,27.839312191576614,0.7967979717048216,6.903295075317538e-05,0.0624532587826252
164,0.6961486769067387,0.008899847188821206,0.0013141495195253556,0.7585697854372485,0.46061767199805975,0.4684991494046474,27.70138831130826,0.8041630459554268,7.639932111062736e-05,0.06345287710428238
165,0.6967659275991049,0.008987720172795945,0.001414818950377057,0.7572901437033328,0.46053530429633804,0.4690841064689819,27.833625908560457,0.803337282690651,7.230237097920538e-05,0.06249415874481201
166,0.6965820905724927,0.008942845237075812,0.0013607497895558969,0.7582095615727427,0.4603047641698347,0.4686675535699868,27.75905415739874,0.7842579827164159,7.002542968532483e-05,0.06303299963474274
167,0.6967396243946243,0.008915641218335671,0.0013313793957191792,0.7584261985141771,0.45999858819834893,0.4685532379746045,27.94796663258878,0.7980886096562142,6.830777256887871e-05,0.06167687848210335
168,0.697555546420409,0.008902957813568134,0.0013377243771727817,0.7565233552244288,0.4599963398766627,0.46943950753005065,28.00948870807511,0.7900239590442542,6.823575296809917e-05,0.06124156340956688
169,0.6975744818481154,0.008986194679889531,0.0014147133233342846,0.7571481511751184,0.45971185460755265,0.46915935678438164,27.836646869124465,0.7776547347828423,6.846261725007256e-05,0.062472425401210785
170,0.697738006348519,0.008990221053734176,0.0014250820238121162,0.7565139187236588,0.4598480752625801,0.46947000710138126,27.851671109638474,0.7694462220390121,6.961985818310603e-05,0.06236445903778076
171,0.698442060723264,0.008951981443566449,0.0013954781298479708,0.755650350092901,0.4595024226763623,0.46988061585761776,27.882277709072252,0.7675625444490672,6.894528324105267e-05,0.06214509159326553
172,0.695764118319354,0.009040834137252646,0.0014248303787379889,0.7616003916343523,0.45956889753040714,0.4670949977412967,27.711786914616265,0.7662570739721323,6.809179719394051e-05,0.06337695568799973
173,0.6935800014554788,0.009118138984541294,0.0014423257123279698,0.7675813460020859,0.4591881914369218,0.4643599635711397,27.577764633285014,0.7246215188658083,7.582861614959262e-05,0.06436243653297424
174,0.6945386519563739,0.009073569645699822,0.001426505037558306,0.764706471615289,0.4594269435629885,0.4656592551067736,27.478524388994614,0.7683323010221704,7.84153082682133e-05,0.06510202586650848
175,0.6957933882362822,0.008991540820484175,0.0013692798086838217,0.7622261183736827,0.45924694241464803,0.4668175800704078,27.890626085732215,0.7807714010213876,6.822193682530637e-05,0.06208539009094238
176,0.6971871824659539,0.008996488842415152,0.0014034431439351087,0.7593045842874842,0.4591186354616455,0.4681784034872588,27.821059610232158,0.7753902673721313,7.06583731742032e-05,0.06258463859558105
177,0.696656602844449,0.00903515670544062,0.0014218520050112802,0.7613304845209893,0.45873848499239156,0.46725281820259623,26.861796249250382,0.7741472821731072,7.485245478000266e-05,0.06989255547523499
178,0.6949295943148586,0.009062857957364579,0.0014075447231491956,0.765531342214538,0.45873580768185174,0.4653554959645168,27.76905082224235,0.7852648228277892,6.959234769417608e-05,0.06296049803495407
179,0.6935447080600896,0.009058231030475105,0.001369074700959884,0.7689156469978995,0.45862422990297347,0.4637740167013365,27.880023454277033,0.801777441264231,6.799766196468557e-05,0.062161222100257874
180,0.6954816002582422,0.00903513518766421,0.0013839383398346176,0.7651197035637127,0.45835433162645944,0.4655582366767171,27.844537352884654,0.796106712900715,6.840674011908006e-05,0.062415700405836105
181,0.6977770388870942,0.008955743371396962,0.001362789494373066,0.7592953999210235,0.45858234558977007,0.4682574346220705,27.803516866588126,0.7949187123414242,6.895185685198499e-05,0.06271116435527802
182,0.6965609662709935,0.009028003080200004,0.0014014288472020257,0.7626574343556561,0.4583049094026454,0.46668936834376085,27.65558601757547,0.7945205855679203,7.438833724251277e-05,0.06378835439682007
183,0.697809966828461,0.008930490044221763,0.0013288385657266634,0.7601651661024527,0.45820683370210247,0.46788673730840186,27.84794841728662,0.7923251609781604,6.829971393396086e-05,0.06239119544625282
184,0.6965071549939137,0.00901277989937748,0.0013783632099192485,0.7634416814699995,0.4580378778117178,0.46635179308822955,27.835505146801154,0.7858824182898452,6.987608045249966e-05,0.06248063966631889
185,0.6975472607477804,0.008989006533170514,0.0013753630972193661,0.7613643607679439,0.45789101917754654,0.4673357510903727,27.74377368242277,0.7916576245646456,6.987750826234812e-05,0.06314399093389511
186,0.6990571295956418,0.0089473797021866,0.001376271813943796,0.7571108055146096,0.4582757246016202,0.4693101757768735,27.636561243370238,0.7883547735420656,7.111997238572197e-05,0.06392822414636612
187,0.698865825568744,0.008967182486955466,0.001388950237268331,0.7578232399653949,0.45816081252872437,0.46898423880828516,27.55599790933868,0.782638837248732,7.732234165660686e-05,0.06452393531799316
188,0.6996259811596993,0.008919244043695582,0.0013613933213618458,0.7557850888808412,0.4583399497819997,0.469953042750763,27.504489260668677,0.7730911428278143,6.974888909130799e-05,0.06490769982337952
189,0.6939594563020836,0.009096290989069269,0.0014098721636271864,0.7686419006557076,0.45833179276292063,0.46393331891216,27.724421367347144,0.7727443710034028,6.96554099011199e-05,0.06328483670949936
190,0.6958214667656953,0.009038657921731943,0.0013968771224673704,0.7641780999912234,0.45835048152301594,0.4659663618277124,27.754353272181614,0.7935335592274025,6.958398340530848e-05,0.06306713074445724
191,0.6950051605427132,0.009064387434568161,0.0014059588496489383,0.7658428758637518,0.45843096789680443,0.46518444487877697,27.58408286380369,0.7575351048857619,7.335286104608315e-05,0.06431563198566437
192,0.6944804431810574,0.0090335868923563,0.0013614965276394645,0.767209053196302,0.4582872560822125,0.4645166241911036,27.82368726137062,0.7787932503275025,6.953517883414385e-05,0.06256570667028427
193,0.6964676538084307,0.008993193577610099,0.0013609780690569692,0.7632215669247604,0.4580145280546142,0.46637429848538664,27.67748000804691,0.7904746589206514,6.996804726764834e-05,0.06362777203321457
194,0.6909818077150103,0.009202148814310297,0.0014401014158251174,0.7762047538312151,0.45786995283480464,0.46035971828074457,27.503845512291072,0.7837657218887693,7.21716798170764e-05,0.06491251289844513
195,0.6908895249902849,0.009150378219905768,0.0013886654529387448,0.7761712941897692,0.45789444716959543,0.46033609422863037,27.876105409224188,0.7881257355987251,6.799574725197512e-05,0.062189266085624695
196,0.692532664925389,0.00914203064524759,0.0014212755823904682,0.7720755160756209,0.4580117956264328,0.46221517048957395,28.04055991040172,0.7912810359682355,6.83764505972229e-05,0.06102288141846657
197,0.6936373104788927,0.009094504316819295,0.0013970313777438047,0.7697473150738597,0.45787059484854253,0.4632761759792481,27.927821962689805,0.7867554286857704,7.434275394134721e-05,0.06182008609175682
198,0.6942860523702908,0.009034663049368228,0.0013503700682745217,0.7684293105208819,0.4577811199689209,0.4638940631206846,28.062369193806454,0.8071213705199105,6.96758436842655e-05,0.06086985394358635
199,0.6946423649396025,0.009030098927052376,0.0013527110470660927,0.7677388021148089,0.45774716240728003,0.464225007290906,27.991921677615117,0.8029943534306118,6.874932284436466e-05,0.06136554852128029
200,0.6953881373929005,0.008999187488263175,0.0013367188802046515,0.7662468802215706,0.45766806285056844,0.4649388243852674,27.982551747701663,0.8036977640994183,7.121858615947486e-05,0.06143178418278694
201,0.6940104825805473,0.009052895602233154,0.001360317823807124,0.7692577953326083,0.4577322399279226,0.4635302741068276,27.900376783825482,0.7944829616195712,7.189284050071134e-05,0.062015730887651443
202,0.694351021433096,0.009022940233114674,0.0013385179096234033,0.7684422501367146,0.45772803158919956,0.4639042671929058,27.93009424253162,0.8043139636258543,7.10567284970584e-05,0.0618039146065712
203,0.69251671313926,0.009174881521967545,0.0014405049869125094,0.7734376691345476,0.4574637035842321,0.4616405094712287,28.09942647178079,0.8051621155305342,6.813730439564265e-05,0.06061071157455444
204,0.694086275235514,0.009020765002187462,0.0013225547916950555,0.7698210372805674,0.45739292882916804,0.463280654047603,27.7516019166022,0.8107891193716041,7.044817100397805e-05,0.0630871057510376
205,0.6933545713202096,0.00908522978167856,0.0013652265112128238,0.7720003461148063,0.4571926801083983,0.46229118296850835,27.976934346250786,0.8161046339835956,6.997947368719198e-05,0.06147152557969093
206,0.6929258104220258,0.00910461507370251,0.0013767322375366244,0.7727883006694048,0.45729656877053715,0.461936805963046,28.040434214357933,0.815252097912165,7.074673602930776e-05,0.0610237680375576
207,0.694615432496607,0.009014414454994627,0.0013278892738616032,0.7686525314438899,0.45733336921117557,0.4638070262317043,28.03689241947088,0.8163581727903126,7.113279466662933e-05,0.061048656702041626
208,0.6942019700063521,0.009066297750452253,0.0013638305101840024,0.7702467461936494,0.4570448942516761,0.46307397970316205,28.084334035568656,0.809400588919074,6.887504251504581e-05,0.06071611866354942
209,0.6925047607816888,0.009101488978958969,0.0013602722855927734,0.7741216868260125,0.4570409798214578,0.46127005132070736,28.053289627041295,0.8021361773664301,6.812649237117782e-05,0.060933515429496765
210,0.6926750824061136,0.009088683224367046,0.001354890486548785,0.7733792906760543,0.45715881832174216,0.46159065177298,27.900185921941322,0.8160304349738282,6.98427066575392e-05,0.06201709434390068
211,0.6930963972694854,0.00906568920676995,0.0013354319852074505,0.7730257439033363,0.4568992984247866,0.4617711109287405,28.100948719512854,0.8100169148796048,6.799104895821172e-05,0.06060009077191353
212,0.6931510124451075,0.009164517761295678,0.0014277020789851863,0.7736815808244162,0.4566288567702289,0.46151854036122386,28.05431494104264,0.8032240219962545,7.012460546017643e-05,0.060926321893930435
213,0.6940201830503425,0.009022287507024076,0.0013093090053454266,0.7712978644248767,0.45674559087991556,0.4625946961289405,28.07316185058419,0.8126436830599071,6.866290487654778e-05,0.06079426780343056
214,0.6941637606075295,0.009098743991699758,0.0013774145504167055,0.7721329619428345,0.4562433356520849,0.4622297062245268,28.107810270869912,0.8152120928743701,6.843995806995181e-05,0.060552239418029785
215,0.6950678517362305,0.009016487244112487,0.001319734446237808,0.7696753008282553,0.4563967534227641,0.46337244476949124,28.140344285361202,0.817556034950983,6.936400896073296e-05,0.06032585725188255
216,0.6956768854129949,0.009003924624718858,0.0013182797808418104,0.7685644960889371,0.4562637276119656,0.46389041873360054,28.06811339545129,0.8164287991337962,6.87071473415343e-05,0.060829613357782364
217,0.694642533682272,0.009099940289936123,0.0013860054699891418,0.7713934996659468,0.45603784893313026,0.46257154910992354,28.100360492314493,0.8194166052909124,6.860495993564685e-05,0.060604196041822433
218,0.6955088302150202,0.0090291126656305,0.0013374769799950129,0.7691635890355006,0.4561526570995727,0.46360386728770164,28.10250284862722,0.8210204473305575,6.89830028545563e-05,0.060589250177145004
219,0.696037428854015,0.009016715303641412,0.001332399608624914,0.7684315803566706,0.455910543248028,0.46393952586790355,28.013706270623207,0.8116052762254492,6.970911368716765e-05,0.06121183559298515
220,0.6956019238920921,0.009031971304859283,0.0013358751757353308,0.7696096315186405,0.4558689854083917,0.46341305563592505,27.996254297747036,0.8104811927456876,6.8143991870243e-05,0.06133494898676872
221,0.6964210354129708,0.009047728371093102,0.0013725765448683268,0.7675151972297303,0.4559412524544981,0.4643825457959799,27.807204481094058,0.8117491806740369,7.752839874215668e-05,0.0626845434308052
222,0.6962573071751917,0.009043424937048686,0.001357673607671108,0.7685751535640117,0.45561126985493494,0.4638863511770513,27.741211371237103,0.8006045490632325,7.192485983241201e-05,0.06316262483596802
223,0.6926706477578418,0.009109059616893941,0.0013387685250992997,0.7770291243941277,0.4555191191735039,0.45995679603525874,27.864515963818558,0.8108284721126804,6.828943265901504e-05,0.06227230280637741
224,0.6945736847920766,0.00908672267155946,0.0013567555022538003,0.7729967313718827,0.4552815733850982,0.4617949318211773,27.857606462291294,0.8104246509023559,6.796725705026236e-05,0.06232185661792755
225,0.6936072653488922,0.009138681441496502,0.0013908757310774592,0.7747805928964508,0.45553754988193196,0.4610002844408889,27.84980581339888,0.8082774893029944,7.510095732453568e-05,0.06237785145640373
226,0.6941229371472772,0.009127776336260409,0.001390597788539864,0.7737178720195853,0.45543381113272446,0.46146670877345686,28.060754649333944,0.8061238395703303,6.914085094804363e-05,0.06088116765022278
227,0.6950696152656349,0.009027513008586754,0.0013140726223450833,0.771344057946202,0.4555289474347169,0.46257536496322926,28.019474586749034,0.8007748199231697,7.136837971996944e-05,0.06117119640111923
228,0.696331933483648,0.009056825667159249,0.001371585818792569,0.7685239996508813,0.45548550256532244,0.46388236434737135,28.02516800497456,0.8077076781879772,6.86103999405933e-05,0.06113111600279808
229,0.6942799900175317,0.009121140858242968,0.001386849758065845,0.7734291292506562,0.455450203135012,0.46162893229766083,27.859421981345367,0.8065031477899263,7.033931592532882e-05,0.06230883300304413
230,0.6945469434679847,0.009105916831821183,0.0013826183429328305,0.7723298657496926,0.4556227266435792,0.46210604298671243,27.96107156719053,0.804436126570681,6.805125796217849e-05,0.06158389151096344
231,0.6956640292279898,0.009087828313105206,0.0013928130765939663,0.7695015416499582,0.455706332131172,0.46340180646424856,27.914058277237515,0.8064103041376386,6.808190415002385e-05,0.06191812455654144
232,0.6925658689448114,0.00913494394419814,0.0013693523958566024,0.7765591808403111,0.45582033884830964,0.4601609626347732,27.92962929272139,0.804598559032787,6.811204933869107e-05,0.06180722638964653
233,0.6948719896586767,0.009053181418457132,0.0013381271769416952,0.7715054409508639,0.455657507462536,0.462494751954063,27.862298868579533,0.7991643715730478,6.826667658332059e-05,0.06228819862008095
234,0.6954484118355645,0.009072067119293821,0.00137399472626885,0.7698072544216404,0.45579141429346853,0.46326331620855915,27.887980440101966,0.8006822737780485,6.864035487296883e-05,0.062104303389787674
235,0.6943519308643855,0.009054166272179733,0.001331390641699499,0.7722775767619167,0.4558703232799056,0.4621389590541757,27.837165496704177,0.8032656593240185,7.058209197101111e-05,0.062468692660331726
236,0.6948593637411882,0.009068552832034055,0.0013628674320965996,0.7705685565692668,0.45610915462411133,0.4629124486078015,27.871933742018573,0.7973698189248254,6.814865664365012e-05,0.06221914291381836
237,0.6947595880346655,0.009050144809668665,0.0013436561867957205,0.7706488819203825,0.45616157675244007,0.46287094559189834,27.50165548834478,0.801831959129928,8.75712874632816e-05,0.06492888182401657
238,0.6892661178370669,0.009294210769662255,0.0014569642482096432,0.7837246725780254,0.4561956231136372,0.456928307057054,27.44054256916694,0.7901456128983271,6.935489950882473e-05,0.06538733094930649
239,0.6912817965989674,0.00916025791755638,0.0013764464502442654,0.7783811698220107,0.4563173910334736,0.45929714796340915,27.95595894137474,0.8008932380965261,6.832914459624908e-05,0.06162015348672867
240,0.6918526493664402,0.009104763241552115,0.0013300734982359848,0.7774689918203938,0.4561490083822367,0.45972281829610145,28.113669069788806,0.7728970569449586,6.805718256549641e-05,0.06051141023635864
241,0.692674958886166,0.009080594406756503,0.0013294661358515638,0.7751128428237835,0.4563221126931972,0.46079444740259046,28.111639902566882,0.7738517600220519,6.91658129130102e-05,0.060525547713041306
242,0.6920702517777192,0.009094580957748089,0.0013323994509552475,0.7762181688342574,0.4564958363281591,0.4603012505132536,28.139204822894893,0.7776688830160992,6.90680943680491e-05,0.060333769768476486
243,0.6931634077815771,0.00910617406421845,0.001364975030161073,0.7741199159293015,0.45623362748188695,0.461249251611761,28.171331310409748,0.7790105479620236,6.943346698100595e-05,0.06011102721095085
244,0.692802516823141,0.009131896763275832,0.0013751517654470684,0.7756745202379898,0.4559800561950992,0.46057173313865685,28.125208723195144,0.7725682963024486,6.884722127638995e-05,0.060431066900491714
245,0.6930732336740287,0.009117445985637825,0.0013708188401334316,0.7746627278660254,0.4560730687338298,0.4609970492724131,28.136261014517142,0.7703213103405842,6.883975942296118e-05,0.06035422161221504
246,0.693408052831947,0.009140512149812829,0.0013963465735299131,0.7744165687949778,0.4558432586760524,0.46111399409490383,28.082308013648483,0.7783352219181143,6.962338355211931e-05,0.060730285942554474
247,0.6939234536858784,0.00905286453120572,0.0013207710999566854,0.7732093575594849,0.4558157639860872,0.4616665246453746,28.203997572746328,0.7920799384385476,6.808461254457375e-05,0.059885382652282715
248,0.6944027059098594,0.009041038944332674,0.0013119997286753953,0.7729039432812803,0.4554433626496894,0.46181529480167943,28.243280683949592,0.7945032935121875,6.82403481406892e-05,0.059615153819322586
249,0.6948852309421988,0.009077273617834735,0.001356880083486663,0.7720393728927748,0.4553630856955075,0.4622321797389094,28.01517931532288,0.7826919764667363,7.062774241652681e-05,0.06120145320892334
250,0.6950075013476089,0.009040576116200892,0.0013244537155056356,0.7716122579997813,0.45546959302364254,0.4624533032328576,28.105943181624667,0.793309372224849,7.105953655968655e-05,0.06056525558233261
251,0.6952968203731464,0.009073399740867048,0.0013643386351271612,0.7709061247122123,0.4554981913792311,0.46278364046242265,28.084376886687437,0.7882867945737136,7.057911232681459e-05,0.060715820640325546
252,0.6951387999952819,0.009055465121828829,0.0013434055371070372,0.771205977065872,0.45547867409106074,0.46262374185246125,28.165364214575078,0.7942058364034215,6.842011552749115e-05,0.060152336955070496
253,0.6956918979459182,0.009062567764965427,0.0013587351794734862,0.7703832750803228,0.4553755294289109,0.46305920406049367,28.11760230643563,0.7814428525053577,7.090105631556434e-05,0.060484014451503754
254,0.6939477465561861,0.0090824040461192,0.001338392353440922,0.7744011857022117,0.45535257221600633,0.46118759711191576,27.786359296297178,0.7786363618714469,7.338359853728164e-05,0.06283516436815262
255,0.6937150249427906,0.009081012557734008,0.0013300795163187756,0.7750933144062777,0.4552052869246556,0.4608297059600248,27.77508549017422,0.7570789727297697,7.052025470498167e-05,0.06291677057743073
256,0.6941734295703329,0.009086852110701905,0.0013472876005746635,0.7739564720773916,0.4551812233617633,0.461326296552085,27.978336739109103,0.7746262527131414,6.877323849107696e-05,0.06146160140633583
257,0.6951151112832966,0.00908419402912602,0.0013641606043365384,0.7720033610674365,0.45510262589874745,0.46224594304312383,28.01383232384139,0.7843167905683641,6.924595749286676e-05,0.06121094524860382
258,0.6922306978804433,0.009153640355711545,0.0013643309154365896,0.7789309587547608,0.45500255634250175,0.4590462233814889,27.89585961941544,0.8015709343926731,7.367143544473395e-05,0.062047991901636124
259,0.6917660619615332,0.009218438636856906,0.001414718426167622,0.7803720367103717,0.45484141465631617,0.4583878826538565,27.736951326959762,0.8122889229229519,7.135910724812369e-05,0.06319360435009003
260,0.6900001837186794,0.009259159069932032,0.0014097981710895593,0.7849361072787323,0.45467382242301824,0.4563070770394716,28.00195890185211,0.8076630118605378,6.918692960319664e-05,0.06129467859864235
261,0.6921929894584641,0.009139064448364544,0.0013452177361525806,0.7793846810671313,0.4547779659234247,0.4588189946241398,28.113049408561448,0.8119310138029453,7.031285239374051e-05,0.06051572412252426
262,0.6930482215116401,0.009122932877790802,0.0013394164254265561,0.7783516639161471,0.4543355667692983,0.45929906213071925,28.20155099432359,0.8100298921783249,6.849362130611728e-05,0.05990225449204445
263,0.6938567145884939,0.009095780764517229,0.0013324301343908402,0.776335079680925,0.4544029513877289,0.46023774409591955,28.147878525900303,0.8105527095464401,6.812420078206368e-05,0.06027355417609215
264,0.6932100751226,0.009153887313557329,0.0013705890997387053,0.7783298398380919,0.4542369075624038,0.4593512137260663,28.1907510701703,0.8084419351635557,6.818341409997349e-05,0.05997678264975548
265,0.6943652081223086,0.009099680710556984,0.0013434540567323222,0.7756226797937799,0.45424950524508206,0.46059794072490395,27.812615337126193,0.8042732794563492,7.135058149931459e-05,0.06264550983905792
266,0.6913097321320959,0.009189454904762952,0.0013562305628356966,0.7833224572608692,0.45394550170810655,0.45703580662030124,28.05641875304245,0.8175880201967247,6.815560582519492e-05,0.06091156601905823
267,0.6929055933572994,0.009151724529042986,0.0013563906831175756,0.7795334014353354,0.4539956243158876,0.4587936477391521,28.04879422750271,0.8168412746289075,7.02390087779212e-05,0.06096505746245384
268,0.6938571328790779,0.009111020925291308,0.0013274465933109018,0.7783574490935923,0.45354934180746886,0.45935948850448627,27.982933040465163,0.8117764643776468,6.879642921803157e-05,0.061429087072610855
269,0.6935091720922145,0.009174148787858846,0.0013798892236713328,0.7794259781119542,0.4534536151804476,0.4588789260755786,28.104282416896268,0.8150288325883609,6.814686239196803e-05,0.06057683750987053
270,0.6933075780934366,0.009137674984886488,0.0013395414015989725,0.7798133747974247,0.45346754087890784,0.4586937906591615,27.946840623259526,0.8142280018690861,7.892343253937518e-05,0.061684876680374146
271,0.694432386005497,0.009089107729891348,0.0013154011993086667,0.7773706677867581,0.4533959243894799,0.45982430817499353,28.05251311530909,0.8084490479844989,6.824790293445186e-05,0.060938961803913116
272,0.6905942478123501,0.009254949703753818,0.0013901327485935045,0.7864817151264639,0.45328470314121183,0.45560380834094166,27.882813791278846,0.8162127033972637,7.465164486309841e-05,0.06214125454425812
273,0.6924869732430388,0.009206340005921345,0.0013852594322344334,0.7821080730119714,0.4532379693768669,0.45760593445265,27.808441917928377,0.81159466014796,8.335042305922057e-05,0.06267561763525009
274,0.6924371223634673,0.009165118708055439,0.0013458442758373245,0.7819274631791174,0.453342693209413,0.45767858681280627,28.076887593152705,0.8103440710992524,6.868714045605335e-05,0.06076819449663162
275,0.6934350144306662,0.009142499245007638,0.0013412537724012356,0.7801245732341919,0.453098847237486,0.458506403217811,27.968672113263743,0.8104973930817145,7.461089371704399e-05,0.06153002753853798
276,0.6944778202239971,0.009117093782218016,0.001345640737845034,0.7771453221795749,0.45335305230857353,0.45988318514149884,27.97689337825482,0.8007765507801271,6.854682828017488e-05,0.06147181615233421
277,0.6938236947909223,0.009126655178182537,0.001338678028068354,0.7787977360644519,0.4533227415048786,0.4591251645802981,27.930180054272874,0.8033867504173543,6.864846867679534e-05,0.06180330738425255
278,0.6946369667808764,0.00908428477276457,0.001313637725318207,0.7770647253353763,0.4532374036813707,0.45993087079711525,27.973130277326888,0.8023102789214163,6.843213471207896e-05,0.061498451977968216
279,0.692665908620359,0.009172441853598534,0.0013596520396065822,0.7812790041844521,0.45346715726952735,0.4580133420162339,27.91063829725549,0.7966001364059778,7.025828646570278e-05,0.061942510306835175
280,0.6921393972411899,0.009199226300803397,0.0013712549339955395,0.7827971525524573,0.45327208568828814,0.4572778055340267,28.030672093488988,0.7980346586797145,6.859637847503546e-05,0.06109238788485527
281,0.6931990381920518,0.009203525891994113,0.001406780378262339,0.7796745694522244,0.4535359669523283,0.4586970310200209,28.00190851093675,0.8050314750506248,7.018400240357313e-05,0.0612950325012207
282,0.6932885559823151,0.009150877353085608,0.0013539585397247516,0.7796919003354336,0.4534463136702443,0.4586975509637598,28.103337342803805,0.8033414612084756,6.861208955942585e-05,0.06058342754840851
283,0.6941443505371816,0.009144553335421498,0.0013677519917571373,0.7776801510910546,0.45345853154475874,0.45962950640176176,28.165513441385116,0.8068561953899664,6.848735231999238e-05,0.06015130132436752
284,0.6949052622567502,0.009130853525241059,0.001378513399308289,0.775234031018891,0.4537298437171199,0.46074094278964456,28.16304346204341,0.8070377003062855,6.97265826029599e-05,0.06016841158270836
285,0.6948798180096718,0.009134113852284912,0.00137870485314525,0.775540916172005,0.45364761626853667,0.4606125868127034,28.074071386857682,0.7965619226038714,7.04337079291978e-05,0.060787901282310486
286,0.6950724456437241,0.009072319812641616,0.0013221269153501842,0.7750193017787795,0.4536671615759845,0.4608451272804905,27.96336465185524,0.8052476014925803,7.480410488738348e-05,0.06156763806939125
287,0.6944988267661552,0.009124376870481142,0.0013519500297745892,0.7772427007291444,0.45326034612047444,0.4598262723851251,28.023013475573435,0.8063859046795667,6.886443602359429e-05,0.06114628165960312
288,0.691724355521757,0.009230506713554156,0.0013970282445566816,0.7833478642403492,0.4535053966862053,0.4570481713315047,27.829468708246587,0.7936357043006204,7.019826990299291e-05,0.06252407282590866
289,0.6931105261958798,0.009152625110624927,0.0013587298710572727,0.7793895439596885,0.45378392542921187,0.4588421084314957,28.119080593057753,0.8073146890252183,6.808787046624233e-05,0.0604737214744091
290,0.6933524603125768,0.009189472315168005,0.0013985112735393588,0.7790961224024896,0.4537296828316043,0.4590191570925603,27.96451434055955,0.8036147983043225,6.92705320518322e-05,0.061559487134218216
291,0.6939236444912797,0.009094354333472362,0.0013179764755310234,0.7776378056941888,0.45371775502519024,0.4596567333998608,28.06290254914641,0.803894671784851,6.987930523596525e-05,0.060866113752126694
292,0.6951338785169627,0.00907583063606719,0.0013309847361443075,0.774484606105822,0.45389011269098517,0.4611159026191706,28.085826982972616,0.8014182425164557,6.838680541352729e-05,0.06070568412542343
293,0.6950582931262737,0.009059610853141895,0.001310619368860198,0.7748991673436312,0.4537710981256158,0.46092016606014236,27.540619351952486,0.8037396493928257,7.019782382856586e-05,0.06463827192783356
294,0.6930035007462385,0.009195828375594543,0.0014019790727015705,0.7793849469171709,0.45393309804422927,0.4588627538972587,28.002760038861165,0.796024978418887,7.21783106419732e-05,0.061289023607969284
295,0.6951892591478949,0.009072275271420021,0.0013297334222923927,0.7742542037440319,0.45395030432982636,0.4612353848909407,28.09107253323678,0.8010002374649048,6.845597818255927e-05,0.06066903471946716
296,0.6956913573893961,0.00904747504890357,0.001309265760688955,0.7738209417350663,0.4536161977236871,0.4614438698685224,28.04799281290832,0.8020710596790561,6.838400272575318e-05,0.06097068265080452
297,0.6922317779354168,0.00926799119072357,0.0014471315296904418,0.7820859802623551,0.45361418339235854,0.45767082527701125,27.85101291241545,0.8014024862479338,6.812433696884385e-05,0.06236918270587921
298,0.6935835555538702,0.009147888888347156,0.0013575393514907298,0.7790349709368473,0.4534984347382946,0.45904532116075475,28.109522942052394,0.8068956892727773,6.819667477839203e-05,0.060540299862623215
299,0.6945465946573712,0.009108498224708142,0.0013471000818205039,0.7761398311667659,0.4537266705829324,0.46034526064707837,28.03745348640159,0.8075778899770795,7.146146803366057e-05,0.061044711619615555
300,0.6944480418061677,0.009130982000608533,0.0013626137439756703,0.7768368412992188,0.4535421577039163,0.46004164763613015,28.052493192283446,0.806827944852573,6.980209846881454e-05,0.06093910336494446
